
C:\Users\HP\Desktop\NTI Training\pls\release\Firmware.elf:     file format elf32-avr

Sections:
Idx Name          Size      VMA       LMA       File off  Algn
  0 .text         00001984  00000000  00000000  00000094  2**1
                  CONTENTS, ALLOC, LOAD, READONLY, CODE
  1 .data         00000082  00800060  00001984  00001a18  2**0
                  CONTENTS, ALLOC, LOAD, DATA
  2 .bss          00000011  008000e2  008000e2  00001a9a  2**0
                  ALLOC
  3 .comment      0000002f  00000000  00000000  00001a9a  2**0
                  CONTENTS, READONLY
  4 .note.gnu.avr.deviceinfo 0000003c  00000000  00000000  00001acc  2**2
                  CONTENTS, READONLY, OCTETS
  5 .debug_info   000004e6  00000000  00000000  00001b08  2**0
                  CONTENTS, READONLY, DEBUGGING, OCTETS
  6 .debug_abbrev 000004a3  00000000  00000000  00001fee  2**0
                  CONTENTS, READONLY, DEBUGGING, OCTETS
  7 .debug_line   0000001d  00000000  00000000  00002491  2**0
                  CONTENTS, READONLY, DEBUGGING, OCTETS
  8 .debug_str    00000196  00000000  00000000  000024ae  2**0
                  CONTENTS, READONLY, DEBUGGING, OCTETS

Disassembly of section .text:

00000000 <__vectors>:
       0:	0c 94 2a 00 	jmp	0x54	; 0x54 <__ctors_end>
       4:	0c 94 f8 09 	jmp	0x13f0	; 0x13f0 <__vector_1>
       8:	0c 94 21 0a 	jmp	0x1442	; 0x1442 <__vector_2>
       c:	0c 94 4a 0a 	jmp	0x1494	; 0x1494 <__vector_3>
      10:	0c 94 47 00 	jmp	0x8e	; 0x8e <__bad_interrupt>
      14:	0c 94 47 00 	jmp	0x8e	; 0x8e <__bad_interrupt>
      18:	0c 94 47 00 	jmp	0x8e	; 0x8e <__bad_interrupt>
      1c:	0c 94 47 00 	jmp	0x8e	; 0x8e <__bad_interrupt>
      20:	0c 94 47 00 	jmp	0x8e	; 0x8e <__bad_interrupt>
      24:	0c 94 47 00 	jmp	0x8e	; 0x8e <__bad_interrupt>
      28:	0c 94 f9 0a 	jmp	0x15f2	; 0x15f2 <__vector_10>
      2c:	0c 94 22 0b 	jmp	0x1644	; 0x1644 <__vector_11>
      30:	0c 94 47 00 	jmp	0x8e	; 0x8e <__bad_interrupt>
      34:	0c 94 47 00 	jmp	0x8e	; 0x8e <__bad_interrupt>
      38:	0c 94 47 00 	jmp	0x8e	; 0x8e <__bad_interrupt>
      3c:	0c 94 47 00 	jmp	0x8e	; 0x8e <__bad_interrupt>
      40:	0c 94 47 00 	jmp	0x8e	; 0x8e <__bad_interrupt>
      44:	0c 94 47 00 	jmp	0x8e	; 0x8e <__bad_interrupt>
      48:	0c 94 47 00 	jmp	0x8e	; 0x8e <__bad_interrupt>
      4c:	0c 94 47 00 	jmp	0x8e	; 0x8e <__bad_interrupt>
      50:	0c 94 47 00 	jmp	0x8e	; 0x8e <__bad_interrupt>

00000054 <__ctors_end>:
      54:	11 24       	eor	r1, r1
      56:	1f be       	out	0x3f, r1	; 63
      58:	cf e5       	ldi	r28, 0x5F	; 95
      5a:	d8 e0       	ldi	r29, 0x08	; 8
      5c:	de bf       	out	0x3e, r29	; 62
      5e:	cd bf       	out	0x3d, r28	; 61

00000060 <__do_copy_data>:
      60:	10 e0       	ldi	r17, 0x00	; 0

00000062 <.Loc.1>:
      62:	a0 e6       	ldi	r26, 0x60	; 96

00000064 <.Loc.2>:
      64:	b0 e0       	ldi	r27, 0x00	; 0

00000066 <.Loc.3>:
      66:	e4 e8       	ldi	r30, 0x84	; 132

00000068 <.Loc.4>:
      68:	f9 e1       	ldi	r31, 0x19	; 25

0000006a <.Loc.5>:
      6a:	02 c0       	rjmp	.+4      	; 0x70 <.L__do_copy_data_start>

0000006c <.L__do_copy_data_loop>:
      6c:	05 90       	lpm	r0, Z+

0000006e <.Loc.7>:
      6e:	0d 92       	st	X+, r0

00000070 <.L__do_copy_data_start>:
      70:	a2 3e       	cpi	r26, 0xE2	; 226

00000072 <.Loc.9>:
      72:	b1 07       	cpc	r27, r17

00000074 <.Loc.10>:
      74:	d9 f7       	brne	.-10     	; 0x6c <.L__do_copy_data_loop>

00000076 <__do_clear_bss>:
      76:	20 e0       	ldi	r18, 0x00	; 0

00000078 <.Loc.1>:
      78:	a2 ee       	ldi	r26, 0xE2	; 226

0000007a <.Loc.2>:
      7a:	b0 e0       	ldi	r27, 0x00	; 0

0000007c <.Loc.3>:
      7c:	01 c0       	rjmp	.+2      	; 0x80 <.Loc.5>

0000007e <.Loc.4>:
      7e:	1d 92       	st	X+, r1

00000080 <.Loc.5>:
      80:	a3 3f       	cpi	r26, 0xF3	; 243

00000082 <.Loc.6>:
      82:	b2 07       	cpc	r27, r18

00000084 <.Loc.7>:
      84:	e1 f7       	brne	.-8      	; 0x7e <.Loc.4>

00000086 <L0^A>:
      86:	0e 94 4b 0b 	call	0x1696	; 0x1696 <main>
      8a:	0c 94 c0 0c 	jmp	0x1980	; 0x1980 <_exit>

0000008e <__bad_interrupt>:
      8e:	0c 94 00 00 	jmp	0	; 0x0 <__vectors>

00000092 <App_ChangeSystemMode>:
      92:	90 91 e3 00 	lds	r25, 0x00E3	; 0x8000e3 <Control_Mode>
      96:	81 e0       	ldi	r24, 0x01	; 1
      98:	91 11       	cpse	r25, r1
      9a:	80 e0       	ldi	r24, 0x00	; 0
      9c:	80 93 e3 00 	sts	0x00E3, r24	; 0x8000e3 <Control_Mode>
      a0:	60 e0       	ldi	r22, 0x00	; 0
      a2:	81 e0       	ldi	r24, 0x01	; 1
      a4:	0e 94 d3 07 	call	0xfa6	; 0xfa6 <Relay_TurnOff>
      a8:	62 e0       	ldi	r22, 0x02	; 2
      aa:	81 e0       	ldi	r24, 0x01	; 1
      ac:	0e 94 d3 07 	call	0xfa6	; 0xfa6 <Relay_TurnOff>
      b0:	61 e0       	ldi	r22, 0x01	; 1
      b2:	81 e0       	ldi	r24, 0x01	; 1
      b4:	0c 94 d3 07 	jmp	0xfa6	; 0xfa6 <Relay_TurnOff>

000000b8 <WaterPump_Init>:
      b8:	60 e0       	ldi	r22, 0x00	; 0
      ba:	81 e0       	ldi	r24, 0x01	; 1
      bc:	0c 94 bd 07 	jmp	0xf7a	; 0xf7a <Relay_Init>

000000c0 <WaterPump_Toggle>:
      c0:	60 e0       	ldi	r22, 0x00	; 0
      c2:	81 e0       	ldi	r24, 0x01	; 1
      c4:	0c 94 d6 07 	jmp	0xfac	; 0xfac <Relay_Toggle>

000000c8 <WaterPump_On>:
      c8:	60 e0       	ldi	r22, 0x00	; 0
      ca:	81 e0       	ldi	r24, 0x01	; 1
      cc:	0c 94 d0 07 	jmp	0xfa0	; 0xfa0 <Relay_TurnOn>

000000d0 <WaterPump_Off>:
      d0:	60 e0       	ldi	r22, 0x00	; 0
      d2:	81 e0       	ldi	r24, 0x01	; 1
      d4:	0c 94 d3 07 	jmp	0xfa6	; 0xfa6 <Relay_TurnOff>

000000d8 <Heater_Init>:
      d8:	62 e0       	ldi	r22, 0x02	; 2
      da:	81 e0       	ldi	r24, 0x01	; 1
      dc:	0c 94 bd 07 	jmp	0xf7a	; 0xf7a <Relay_Init>

000000e0 <Heater_Toggle>:
      e0:	62 e0       	ldi	r22, 0x02	; 2
      e2:	81 e0       	ldi	r24, 0x01	; 1
      e4:	0c 94 d6 07 	jmp	0xfac	; 0xfac <Relay_Toggle>

000000e8 <Heater_On>:
      e8:	62 e0       	ldi	r22, 0x02	; 2
      ea:	81 e0       	ldi	r24, 0x01	; 1
      ec:	0c 94 d0 07 	jmp	0xfa0	; 0xfa0 <Relay_TurnOn>

000000f0 <Heater_Off>:
      f0:	62 e0       	ldi	r22, 0x02	; 2
      f2:	81 e0       	ldi	r24, 0x01	; 1
      f4:	0c 94 d3 07 	jmp	0xfa6	; 0xfa6 <Relay_TurnOff>

000000f8 <Fan_Init>:
      f8:	61 e0       	ldi	r22, 0x01	; 1
      fa:	81 e0       	ldi	r24, 0x01	; 1
      fc:	0c 94 bd 07 	jmp	0xf7a	; 0xf7a <Relay_Init>

00000100 <Fan_Toggle>:
     100:	61 e0       	ldi	r22, 0x01	; 1
     102:	81 e0       	ldi	r24, 0x01	; 1
     104:	0c 94 d6 07 	jmp	0xfac	; 0xfac <Relay_Toggle>

00000108 <Fan_On>:
     108:	61 e0       	ldi	r22, 0x01	; 1
     10a:	81 e0       	ldi	r24, 0x01	; 1
     10c:	0c 94 d0 07 	jmp	0xfa0	; 0xfa0 <Relay_TurnOn>

00000110 <Fan_Off>:
     110:	61 e0       	ldi	r22, 0x01	; 1
     112:	81 e0       	ldi	r24, 0x01	; 1
     114:	0c 94 d3 07 	jmp	0xfa6	; 0xfa6 <Relay_TurnOff>

00000118 <System_Init>:
     118:	60 e0       	ldi	r22, 0x00	; 0
     11a:	80 e0       	ldi	r24, 0x00	; 0
     11c:	0e 94 98 03 	call	0x730	; 0x730 <BTN_Init>
     120:	62 e0       	ldi	r22, 0x02	; 2
     122:	80 e0       	ldi	r24, 0x00	; 0
     124:	0e 94 98 03 	call	0x730	; 0x730 <BTN_Init>
     128:	61 e0       	ldi	r22, 0x01	; 1
     12a:	80 e0       	ldi	r24, 0x00	; 0
     12c:	0e 94 98 03 	call	0x730	; 0x730 <BTN_Init>
     130:	80 e0       	ldi	r24, 0x00	; 0
     132:	0e 94 45 03 	call	0x68a	; 0x68a <BTNEXTI_Init>
     136:	65 e0       	ldi	r22, 0x05	; 5
     138:	83 e0       	ldi	r24, 0x03	; 3
     13a:	0e 94 a8 07 	call	0xf50	; 0xf50 <LED_Init>
     13e:	66 e0       	ldi	r22, 0x06	; 6
     140:	83 e0       	ldi	r24, 0x03	; 3
     142:	0e 94 a8 07 	call	0xf50	; 0xf50 <LED_Init>
     146:	64 e0       	ldi	r22, 0x04	; 4
     148:	83 e0       	ldi	r24, 0x03	; 3
     14a:	0e 94 a8 07 	call	0xf50	; 0xf50 <LED_Init>
     14e:	60 e0       	ldi	r22, 0x00	; 0
     150:	81 e0       	ldi	r24, 0x01	; 1
     152:	0e 94 bd 07 	call	0xf7a	; 0xf7a <Relay_Init>
     156:	60 e0       	ldi	r22, 0x00	; 0
     158:	81 e0       	ldi	r24, 0x01	; 1
     15a:	0e 94 d3 07 	call	0xfa6	; 0xfa6 <Relay_TurnOff>
     15e:	62 e0       	ldi	r22, 0x02	; 2
     160:	81 e0       	ldi	r24, 0x01	; 1
     162:	0e 94 bd 07 	call	0xf7a	; 0xf7a <Relay_Init>
     166:	62 e0       	ldi	r22, 0x02	; 2
     168:	81 e0       	ldi	r24, 0x01	; 1
     16a:	0e 94 d3 07 	call	0xfa6	; 0xfa6 <Relay_TurnOff>
     16e:	61 e0       	ldi	r22, 0x01	; 1
     170:	81 e0       	ldi	r24, 0x01	; 1
     172:	0e 94 bd 07 	call	0xf7a	; 0xf7a <Relay_Init>
     176:	61 e0       	ldi	r22, 0x01	; 1
     178:	81 e0       	ldi	r24, 0x01	; 1
     17a:	0e 94 d3 07 	call	0xfa6	; 0xfa6 <Relay_TurnOff>
     17e:	81 e0       	ldi	r24, 0x01	; 1
     180:	0e 94 26 06 	call	0xc4c	; 0xc4c <LCD_Init>
     184:	0e 94 7f 04 	call	0x8fe	; 0x8fe <Keypad_Init>
     188:	60 e0       	ldi	r22, 0x00	; 0
     18a:	89 e4       	ldi	r24, 0x49	; 73
     18c:	90 e0       	ldi	r25, 0x00	; 0
     18e:	0c 94 84 03 	jmp	0x708	; 0x708 <BTNEXTI_SetCallBack>

00000192 <Manual_Mode>:
     192:	60 e0       	ldi	r22, 0x00	; 0
     194:	80 e0       	ldi	r24, 0x00	; 0
     196:	0e 94 ab 03 	call	0x756	; 0x756 <BTN_IsPressed>
     19a:	81 11       	cpse	r24, r1
     19c:	17 c0       	rjmp	.+46     	; 0x1cc <.L21>
     19e:	60 e0       	ldi	r22, 0x00	; 0
     1a0:	81 e0       	ldi	r24, 0x01	; 1
     1a2:	0e 94 d6 07 	call	0xfac	; 0xfac <Relay_Toggle>
     1a6:	8f e3       	ldi	r24, 0x3F	; 63
     1a8:	9c e9       	ldi	r25, 0x9C	; 156

000001aa <.L1^B1>:
     1aa:	01 97       	sbiw	r24, 0x01	; 1
     1ac:	f1 f7       	brne	.-4      	; 0x1aa <.L1^B1>
     1ae:	00 c0       	rjmp	.+0      	; 0x1b0 <L0^A>

000001b0 <L0^A>:
	...

000001b2 <.L22>:
     1b2:	60 e0       	ldi	r22, 0x00	; 0
     1b4:	80 e0       	ldi	r24, 0x00	; 0
     1b6:	0e 94 ab 03 	call	0x756	; 0x756 <BTN_IsPressed>
     1ba:	81 15       	cp	r24, r1
     1bc:	d1 f3       	breq	.-12     	; 0x1b2 <.L22>

000001be <.L26>:
     1be:	8f e3       	ldi	r24, 0x3F	; 63
     1c0:	9c e9       	ldi	r25, 0x9C	; 156

000001c2 <.L1^B2>:
     1c2:	01 97       	sbiw	r24, 0x01	; 1
     1c4:	f1 f7       	brne	.-4      	; 0x1c2 <.L1^B2>
     1c6:	00 c0       	rjmp	.+0      	; 0x1c8 <L0^A>

000001c8 <L0^A>:
     1c8:	00 00       	nop
     1ca:	08 95       	ret

000001cc <.L21>:
     1cc:	62 e0       	ldi	r22, 0x02	; 2
     1ce:	80 e0       	ldi	r24, 0x00	; 0
     1d0:	0e 94 ab 03 	call	0x756	; 0x756 <BTN_IsPressed>
     1d4:	81 11       	cpse	r24, r1
     1d6:	06 c0       	rjmp	.+12     	; 0x1e4 <.L24>
     1d8:	61 e0       	ldi	r22, 0x01	; 1
     1da:	81 e0       	ldi	r24, 0x01	; 1
     1dc:	0e 94 08 09 	call	0x1210	; 0x1210 <DIO_ReadPin>
     1e0:	81 30       	cpi	r24, 0x01	; 1
     1e2:	e9 f4       	brne	.+58     	; 0x21e <.L42>

000001e4 <.L24>:
     1e4:	61 e0       	ldi	r22, 0x01	; 1
     1e6:	80 e0       	ldi	r24, 0x00	; 0
     1e8:	0e 94 ab 03 	call	0x756	; 0x756 <BTN_IsPressed>
     1ec:	81 11       	cpse	r24, r1

000001ee <.L20>:
     1ee:	08 95       	ret
     1f0:	62 e0       	ldi	r22, 0x02	; 2
     1f2:	81 e0       	ldi	r24, 0x01	; 1
     1f4:	0e 94 08 09 	call	0x1210	; 0x1210 <DIO_ReadPin>
     1f8:	81 30       	cpi	r24, 0x01	; 1
     1fa:	c9 f3       	breq	.-14     	; 0x1ee <.L20>
     1fc:	61 e0       	ldi	r22, 0x01	; 1
     1fe:	81 e0       	ldi	r24, 0x01	; 1
     200:	0e 94 d6 07 	call	0xfac	; 0xfac <Relay_Toggle>
     204:	8f e3       	ldi	r24, 0x3F	; 63
     206:	9c e9       	ldi	r25, 0x9C	; 156

00000208 <.L1^B3>:
     208:	01 97       	sbiw	r24, 0x01	; 1
     20a:	f1 f7       	brne	.-4      	; 0x208 <.L1^B3>
     20c:	00 c0       	rjmp	.+0      	; 0x20e <L0^A>

0000020e <L0^A>:
	...

00000210 <.L29>:
     210:	61 e0       	ldi	r22, 0x01	; 1
     212:	80 e0       	ldi	r24, 0x00	; 0
     214:	0e 94 ab 03 	call	0x756	; 0x756 <BTN_IsPressed>
     218:	81 15       	cp	r24, r1
     21a:	d1 f3       	breq	.-12     	; 0x210 <.L29>
     21c:	d0 cf       	rjmp	.-96     	; 0x1be <.L26>

0000021e <.L42>:
     21e:	62 e0       	ldi	r22, 0x02	; 2
     220:	81 e0       	ldi	r24, 0x01	; 1
     222:	0e 94 d6 07 	call	0xfac	; 0xfac <Relay_Toggle>
     226:	8f e3       	ldi	r24, 0x3F	; 63
     228:	9c e9       	ldi	r25, 0x9C	; 156

0000022a <.L1^B4>:
     22a:	01 97       	sbiw	r24, 0x01	; 1
     22c:	f1 f7       	brne	.-4      	; 0x22a <.L1^B4>
     22e:	00 c0       	rjmp	.+0      	; 0x230 <L0^A>

00000230 <L0^A>:
	...

00000232 <.L25>:
     232:	62 e0       	ldi	r22, 0x02	; 2
     234:	80 e0       	ldi	r24, 0x00	; 0
     236:	0e 94 ab 03 	call	0x756	; 0x756 <BTN_IsPressed>
     23a:	81 15       	cp	r24, r1
     23c:	d1 f3       	breq	.-12     	; 0x232 <.L25>
     23e:	8f e3       	ldi	r24, 0x3F	; 63
     240:	9c e9       	ldi	r25, 0x9C	; 156

00000242 <.L1^B5>:
     242:	01 97       	sbiw	r24, 0x01	; 1
     244:	f1 f7       	brne	.-4      	; 0x242 <.L1^B5>
     246:	00 c0       	rjmp	.+0      	; 0x248 <L0^A>

00000248 <L0^A>:
     248:	00 00       	nop
     24a:	08 95       	ret

0000024c <Home_Screen>:
     24c:	cf 93       	push	r28
     24e:	df 93       	push	r29
     250:	00 d0       	rcall	.+0      	; 0x252 <L0^A>

00000252 <L0^A>:
     252:	cd b7       	in	r28, 0x3d	; 61
     254:	de b7       	in	r29, 0x3e	; 62
     256:	89 83       	std	Y+1, r24	; 0x01
     258:	6a 83       	std	Y+2, r22	; 0x02
     25a:	41 e0       	ldi	r20, 0x01	; 1
     25c:	60 e0       	ldi	r22, 0x00	; 0
     25e:	80 e0       	ldi	r24, 0x00	; 0
     260:	0e 94 fc 06 	call	0xdf8	; 0xdf8 <LCD_GotoXY>
     264:	61 e0       	ldi	r22, 0x01	; 1
     266:	86 e7       	ldi	r24, 0x76	; 118
     268:	90 e0       	ldi	r25, 0x00	; 0
     26a:	0e 94 d8 06 	call	0xdb0	; 0xdb0 <LCD_WriteString>
     26e:	41 e0       	ldi	r20, 0x01	; 1
     270:	68 e0       	ldi	r22, 0x08	; 8
     272:	80 e0       	ldi	r24, 0x00	; 0
     274:	0e 94 fc 06 	call	0xdf8	; 0xdf8 <LCD_GotoXY>
     278:	29 81       	ldd	r18, Y+1	; 0x01
     27a:	62 2f       	mov	r22, r18
     27c:	70 e0       	ldi	r23, 0x00	; 0
     27e:	80 e0       	ldi	r24, 0x00	; 0
     280:	90 e0       	ldi	r25, 0x00	; 0
     282:	41 e0       	ldi	r20, 0x01	; 1
     284:	0e 94 1c 07 	call	0xe38	; 0xe38 <LCD_WriteNumber>
     288:	61 e0       	ldi	r22, 0x01	; 1
     28a:	8e e7       	ldi	r24, 0x7E	; 126
     28c:	90 e0       	ldi	r25, 0x00	; 0
     28e:	0e 94 d8 06 	call	0xdb0	; 0xdb0 <LCD_WriteString>
     292:	41 e0       	ldi	r20, 0x01	; 1
     294:	60 e0       	ldi	r22, 0x00	; 0
     296:	81 e0       	ldi	r24, 0x01	; 1
     298:	0e 94 fc 06 	call	0xdf8	; 0xdf8 <LCD_GotoXY>
     29c:	61 e0       	ldi	r22, 0x01	; 1
     29e:	83 e8       	ldi	r24, 0x83	; 131
     2a0:	90 e0       	ldi	r25, 0x00	; 0
     2a2:	0e 94 d8 06 	call	0xdb0	; 0xdb0 <LCD_WriteString>
     2a6:	41 e0       	ldi	r20, 0x01	; 1
     2a8:	68 e0       	ldi	r22, 0x08	; 8
     2aa:	81 e0       	ldi	r24, 0x01	; 1
     2ac:	0e 94 fc 06 	call	0xdf8	; 0xdf8 <LCD_GotoXY>
     2b0:	2a 81       	ldd	r18, Y+2	; 0x02
     2b2:	62 2f       	mov	r22, r18
     2b4:	70 e0       	ldi	r23, 0x00	; 0
     2b6:	80 e0       	ldi	r24, 0x00	; 0
     2b8:	90 e0       	ldi	r25, 0x00	; 0
     2ba:	41 e0       	ldi	r20, 0x01	; 1
     2bc:	0e 94 1c 07 	call	0xe38	; 0xe38 <LCD_WriteNumber>
     2c0:	61 e0       	ldi	r22, 0x01	; 1
     2c2:	8b e8       	ldi	r24, 0x8B	; 139
     2c4:	90 e0       	ldi	r25, 0x00	; 0
     2c6:	0f 90       	pop	r0
     2c8:	0f 90       	pop	r0
     2ca:	df 91       	pop	r29
     2cc:	cf 91       	pop	r28
     2ce:	0c 94 d8 06 	jmp	0xdb0	; 0xdb0 <LCD_WriteString>

000002d2 <Automatic_Mode>:
     2d2:	cf 93       	push	r28
     2d4:	df 93       	push	r29
     2d6:	ec 01       	movw	r28, r24
     2d8:	88 81       	ld	r24, Y
     2da:	9b 81       	ldd	r25, Y+3	; 0x03
     2dc:	98 17       	cp	r25, r24
     2de:	30 f5       	brcc	.+76     	; 0x32c <.L50>
     2e0:	9a 81       	ldd	r25, Y+2	; 0x02
     2e2:	61 e0       	ldi	r22, 0x01	; 1
     2e4:	89 17       	cp	r24, r25
     2e6:	88 f4       	brcc	.+34     	; 0x30a <.L51>
     2e8:	81 e0       	ldi	r24, 0x01	; 1
     2ea:	0e 94 d3 07 	call	0xfa6	; 0xfa6 <Relay_TurnOff>
     2ee:	62 e0       	ldi	r22, 0x02	; 2
     2f0:	81 e0       	ldi	r24, 0x01	; 1
     2f2:	0e 94 d3 07 	call	0xfa6	; 0xfa6 <Relay_TurnOff>

000002f6 <.L47>:
     2f6:	89 81       	ldd	r24, Y+1	; 0x01
     2f8:	9c 81       	ldd	r25, Y+4	; 0x04
     2fa:	60 e0       	ldi	r22, 0x00	; 0
     2fc:	98 17       	cp	r25, r24
     2fe:	88 f0       	brcs	.+34     	; 0x322 <.L49>

00000300 <.L52>:
     300:	81 e0       	ldi	r24, 0x01	; 1
     302:	df 91       	pop	r29
     304:	cf 91       	pop	r28
     306:	0c 94 d0 07 	jmp	0xfa0	; 0xfa0 <Relay_TurnOn>

0000030a <.L51>:
     30a:	81 e0       	ldi	r24, 0x01	; 1
     30c:	0e 94 d0 07 	call	0xfa0	; 0xfa0 <Relay_TurnOn>
     310:	62 e0       	ldi	r22, 0x02	; 2
     312:	81 e0       	ldi	r24, 0x01	; 1
     314:	0e 94 d3 07 	call	0xfa6	; 0xfa6 <Relay_TurnOff>
     318:	89 81       	ldd	r24, Y+1	; 0x01
     31a:	9c 81       	ldd	r25, Y+4	; 0x04
     31c:	60 e0       	ldi	r22, 0x00	; 0
     31e:	98 17       	cp	r25, r24
     320:	78 f7       	brcc	.-34     	; 0x300 <.L52>

00000322 <.L49>:
     322:	81 e0       	ldi	r24, 0x01	; 1
     324:	df 91       	pop	r29
     326:	cf 91       	pop	r28
     328:	0c 94 d3 07 	jmp	0xfa6	; 0xfa6 <Relay_TurnOff>

0000032c <.L50>:
     32c:	61 e0       	ldi	r22, 0x01	; 1
     32e:	81 e0       	ldi	r24, 0x01	; 1
     330:	0e 94 d3 07 	call	0xfa6	; 0xfa6 <Relay_TurnOff>
     334:	62 e0       	ldi	r22, 0x02	; 2
     336:	81 e0       	ldi	r24, 0x01	; 1
     338:	0e 94 d0 07 	call	0xfa0	; 0xfa0 <Relay_TurnOn>
     33c:	dc cf       	rjmp	.-72     	; 0x2f6 <.L47>

0000033e <Emergency_Function>:
     33e:	cf 93       	push	r28
     340:	df 93       	push	r29
     342:	ec 01       	movw	r28, r24
     344:	88 81       	ld	r24, Y
     346:	9d 81       	ldd	r25, Y+5	; 0x05
     348:	98 17       	cp	r25, r24
     34a:	58 f5       	brcc	.+86     	; 0x3a2 <.L58>
     34c:	9e 81       	ldd	r25, Y+6	; 0x06
     34e:	41 e0       	ldi	r20, 0x01	; 1
     350:	65 e0       	ldi	r22, 0x05	; 5
     352:	89 17       	cp	r24, r25
     354:	98 f4       	brcc	.+38     	; 0x37c <.L59>
     356:	83 e0       	ldi	r24, 0x03	; 3
     358:	0e 94 b1 07 	call	0xf62	; 0xf62 <LED_Off>
     35c:	41 e0       	ldi	r20, 0x01	; 1
     35e:	66 e0       	ldi	r22, 0x06	; 6
     360:	83 e0       	ldi	r24, 0x03	; 3
     362:	0e 94 b1 07 	call	0xf62	; 0xf62 <LED_Off>

00000366 <.L55>:
     366:	89 81       	ldd	r24, Y+1	; 0x01
     368:	9f 81       	ldd	r25, Y+7	; 0x07
     36a:	41 e0       	ldi	r20, 0x01	; 1
     36c:	64 e0       	ldi	r22, 0x04	; 4
     36e:	98 17       	cp	r25, r24
     370:	98 f0       	brcs	.+38     	; 0x398 <.L57>

00000372 <.L60>:
     372:	83 e0       	ldi	r24, 0x03	; 3
     374:	df 91       	pop	r29
     376:	cf 91       	pop	r28
     378:	0c 94 ab 07 	jmp	0xf56	; 0xf56 <LED_On>

0000037c <.L59>:
     37c:	83 e0       	ldi	r24, 0x03	; 3
     37e:	0e 94 b1 07 	call	0xf62	; 0xf62 <LED_Off>
     382:	41 e0       	ldi	r20, 0x01	; 1
     384:	66 e0       	ldi	r22, 0x06	; 6
     386:	83 e0       	ldi	r24, 0x03	; 3
     388:	0e 94 ab 07 	call	0xf56	; 0xf56 <LED_On>
     38c:	89 81       	ldd	r24, Y+1	; 0x01
     38e:	9f 81       	ldd	r25, Y+7	; 0x07
     390:	41 e0       	ldi	r20, 0x01	; 1
     392:	64 e0       	ldi	r22, 0x04	; 4
     394:	98 17       	cp	r25, r24
     396:	68 f7       	brcc	.-38     	; 0x372 <.L60>

00000398 <.L57>:
     398:	83 e0       	ldi	r24, 0x03	; 3
     39a:	df 91       	pop	r29
     39c:	cf 91       	pop	r28
     39e:	0c 94 b1 07 	jmp	0xf62	; 0xf62 <LED_Off>

000003a2 <.L58>:
     3a2:	41 e0       	ldi	r20, 0x01	; 1
     3a4:	65 e0       	ldi	r22, 0x05	; 5
     3a6:	83 e0       	ldi	r24, 0x03	; 3
     3a8:	0e 94 ab 07 	call	0xf56	; 0xf56 <LED_On>
     3ac:	41 e0       	ldi	r20, 0x01	; 1
     3ae:	66 e0       	ldi	r22, 0x06	; 6
     3b0:	83 e0       	ldi	r24, 0x03	; 3
     3b2:	0e 94 b1 07 	call	0xf62	; 0xf62 <LED_Off>
     3b6:	d7 cf       	rjmp	.-82     	; 0x366 <.L55>

000003b8 <Check_Emergency_Limits>:
     3b8:	fc 01       	movw	r30, r24
     3ba:	80 81       	ld	r24, Z
     3bc:	95 81       	ldd	r25, Z+5	; 0x05
     3be:	98 17       	cp	r25, r24
     3c0:	50 f4       	brcc	.+20     	; 0x3d6 <.L65>
     3c2:	96 81       	ldd	r25, Z+6	; 0x06
     3c4:	89 17       	cp	r24, r25
     3c6:	38 f4       	brcc	.+14     	; 0x3d6 <.L65>
     3c8:	81 e0       	ldi	r24, 0x01	; 1
     3ca:	91 81       	ldd	r25, Z+1	; 0x01
     3cc:	27 81       	ldd	r18, Z+7	; 0x07
     3ce:	29 17       	cp	r18, r25
     3d0:	18 f4       	brcc	.+6      	; 0x3d8 <.L61>
     3d2:	80 e0       	ldi	r24, 0x00	; 0
     3d4:	08 95       	ret

000003d6 <.L65>:
     3d6:	81 e0       	ldi	r24, 0x01	; 1

000003d8 <.L61>:
     3d8:	08 95       	ret

000003da <Configuration_Mode>:
     3da:	cf 93       	push	r28
     3dc:	80 91 e8 00 	lds	r24, 0x00E8	; 0x8000e8 <Menu_Step.4>
     3e0:	90 91 e7 00 	lds	r25, 0x00E7	; 0x8000e7 <Menu_Drawn.3>
     3e4:	89 2b       	or	r24, r25
     3e6:	09 f4       	brne	.+2      	; 0x3ea <.L67>

000003e8 <L0^A>:
     3e8:	7f c0       	rjmp	.+254    	; 0x4e8 <.L82>

000003ea <.L67>:
     3ea:	0e 94 c5 04 	call	0x98a	; 0x98a <Keypad_GetButton>
     3ee:	c8 2f       	mov	r28, r24
     3f0:	8f 3f       	cpi	r24, 0xFF	; 255
     3f2:	49 f0       	breq	.+18     	; 0x406 <.L66>

000003f4 <.L68>:
     3f4:	0e 94 c5 04 	call	0x98a	; 0x98a <Keypad_GetButton>
     3f8:	8f 3f       	cpi	r24, 0xFF	; 255
     3fa:	e1 f7       	brne	.-8      	; 0x3f4 <.L68>
     3fc:	80 91 e8 00 	lds	r24, 0x00E8	; 0x8000e8 <Menu_Step.4>
     400:	81 30       	cpi	r24, 0x01	; 1
     402:	88 f1       	brcs	.+98     	; 0x466 <.L70>
     404:	11 f0       	breq	.+4      	; 0x40a <.L71>

00000406 <.L66>:
     406:	cf 91       	pop	r28
     408:	08 95       	ret

0000040a <.L71>:
     40a:	80 ed       	ldi	r24, 0xD0	; 208
     40c:	8c 0f       	add	r24, r28
     40e:	8a 30       	cpi	r24, 0x0A	; 10
     410:	c0 f1       	brcs	.+112    	; 0x482 <.L83>
     412:	c3 34       	cpi	r28, 0x43	; 67
     414:	19 f1       	breq	.+70     	; 0x45c <.L81>
     416:	c3 32       	cpi	r28, 0x23	; 35
     418:	b1 f7       	brne	.-20     	; 0x406 <.L66>
     41a:	80 91 e6 00 	lds	r24, 0x00E6	; 0x8000e6 <Option.2>
     41e:	81 30       	cpi	r24, 0x01	; 1
     420:	09 f4       	brne	.+2      	; 0x424 <L0^A+0x2>

00000422 <L0^A>:
     422:	7d c0       	rjmp	.+250    	; 0x51e <.L84>
     424:	82 30       	cpi	r24, 0x02	; 2
     426:	09 f4       	brne	.+2      	; 0x42a <L0^A+0x2>

00000428 <L0^A>:
     428:	7f c0       	rjmp	.+254    	; 0x528 <.L85>
     42a:	83 30       	cpi	r24, 0x03	; 3
     42c:	21 f4       	brne	.+8      	; 0x436 <.L77>
     42e:	80 91 e4 00 	lds	r24, 0x00E4	; 0x8000e4 <New_Value.1>
     432:	80 93 66 00 	sts	0x0066, r24	; 0x800066 <Metrics+0x4>

00000436 <.L77>:
     436:	81 e0       	ldi	r24, 0x01	; 1
     438:	0e 94 11 07 	call	0xe22	; 0xe22 <LCD_Clear>
     43c:	61 e0       	ldi	r22, 0x01	; 1
     43e:	89 eb       	ldi	r24, 0xB9	; 185
     440:	90 e0       	ldi	r25, 0x00	; 0
     442:	0e 94 d8 06 	call	0xdb0	; 0xdb0 <LCD_WriteString>
     446:	2f ef       	ldi	r18, 0xFF	; 255
     448:	89 e6       	ldi	r24, 0x69	; 105
     44a:	98 e1       	ldi	r25, 0x18	; 24

0000044c <.L1^B6>:
     44c:	21 50       	subi	r18, 0x01	; 1
     44e:	80 40       	sbci	r24, 0x00	; 0
     450:	90 40       	sbci	r25, 0x00	; 0
     452:	e1 f7       	brne	.-8      	; 0x44c <.L1^B6>
     454:	00 c0       	rjmp	.+0      	; 0x456 <L0^A>

00000456 <L0^A>:
     456:	00 00       	nop
     458:	10 92 e2 00 	sts	0x00E2, r1	; 0x8000e2 <System_State>

0000045c <.L81>:
     45c:	10 92 e8 00 	sts	0x00E8, r1	; 0x8000e8 <Menu_Step.4>
     460:	10 92 e7 00 	sts	0x00E7, r1	; 0x8000e7 <Menu_Drawn.3>
     464:	d0 cf       	rjmp	.-96     	; 0x406 <.L66>

00000466 <.L70>:
     466:	8f ec       	ldi	r24, 0xCF	; 207
     468:	8c 0f       	add	r24, r28
     46a:	84 30       	cpi	r24, 0x04	; 4
     46c:	50 f1       	brcs	.+84     	; 0x4c2 <.L86>
     46e:	c3 34       	cpi	r28, 0x43	; 67
     470:	51 f6       	brne	.-108    	; 0x406 <.L66>
     472:	10 92 e3 00 	sts	0x00E3, r1	; 0x8000e3 <Control_Mode>
     476:	10 92 e7 00 	sts	0x00E7, r1	; 0x8000e7 <Menu_Drawn.3>
     47a:	81 e0       	ldi	r24, 0x01	; 1
     47c:	cf 91       	pop	r28
     47e:	0c 94 11 07 	jmp	0xe22	; 0xe22 <LCD_Clear>

00000482 <.L83>:
     482:	80 91 e4 00 	lds	r24, 0x00E4	; 0x8000e4 <New_Value.1>
     486:	90 91 e5 00 	lds	r25, 0x00E5	; 0x8000e5 <New_Value.1+0x1>
     48a:	0a 97       	sbiw	r24, 0x0a	; 10
     48c:	08 f0       	brcs	.+2      	; 0x490 <L0^A+0x2>

0000048e <L0^A>:
     48e:	bb cf       	rjmp	.-138    	; 0x406 <.L66>
     490:	61 e0       	ldi	r22, 0x01	; 1
     492:	8c 2f       	mov	r24, r28
     494:	0e 94 74 05 	call	0xae8	; 0xae8 <LCD_WriteData>
     498:	20 91 e4 00 	lds	r18, 0x00E4	; 0x8000e4 <New_Value.1>
     49c:	30 91 e5 00 	lds	r19, 0x00E5	; 0x8000e5 <New_Value.1+0x1>
     4a0:	c9 01       	movw	r24, r18
     4a2:	88 0f       	add	r24, r24
     4a4:	99 1f       	adc	r25, r25
     4a6:	88 0f       	add	r24, r24
     4a8:	99 1f       	adc	r25, r25
     4aa:	82 0f       	add	r24, r18
     4ac:	93 1f       	adc	r25, r19
     4ae:	88 0f       	add	r24, r24
     4b0:	99 1f       	adc	r25, r25
     4b2:	c0 97       	sbiw	r24, 0x30	; 48
     4b4:	8c 0f       	add	r24, r28
     4b6:	91 1d       	adc	r25, r1
     4b8:	80 93 e4 00 	sts	0x00E4, r24	; 0x8000e4 <New_Value.1>
     4bc:	90 93 e5 00 	sts	0x00E5, r25	; 0x8000e5 <New_Value.1+0x1>
     4c0:	a2 cf       	rjmp	.-188    	; 0x406 <.L66>

000004c2 <.L86>:
     4c2:	c0 53       	subi	r28, 0x30	; 48
     4c4:	c0 93 e6 00 	sts	0x00E6, r28	; 0x8000e6 <Option.2>
     4c8:	10 92 e4 00 	sts	0x00E4, r1	; 0x8000e4 <New_Value.1>
     4cc:	10 92 e5 00 	sts	0x00E5, r1	; 0x8000e5 <New_Value.1+0x1>
     4d0:	81 e0       	ldi	r24, 0x01	; 1
     4d2:	0e 94 11 07 	call	0xe22	; 0xe22 <LCD_Clear>
     4d6:	61 e0       	ldi	r22, 0x01	; 1
     4d8:	8f ea       	ldi	r24, 0xAF	; 175
     4da:	90 e0       	ldi	r25, 0x00	; 0
     4dc:	0e 94 d8 06 	call	0xdb0	; 0xdb0 <LCD_WriteString>
     4e0:	81 e0       	ldi	r24, 0x01	; 1
     4e2:	80 93 e8 00 	sts	0x00E8, r24	; 0x8000e8 <Menu_Step.4>
     4e6:	8f cf       	rjmp	.-226    	; 0x406 <.L66>

000004e8 <.L82>:
     4e8:	81 e0       	ldi	r24, 0x01	; 1
     4ea:	0e 94 11 07 	call	0xe22	; 0xe22 <LCD_Clear>
     4ee:	41 e0       	ldi	r20, 0x01	; 1
     4f0:	60 e0       	ldi	r22, 0x00	; 0
     4f2:	80 e0       	ldi	r24, 0x00	; 0
     4f4:	0e 94 fc 06 	call	0xdf8	; 0xdf8 <LCD_GotoXY>
     4f8:	61 e0       	ldi	r22, 0x01	; 1
     4fa:	80 e9       	ldi	r24, 0x90	; 144
     4fc:	90 e0       	ldi	r25, 0x00	; 0
     4fe:	0e 94 d8 06 	call	0xdb0	; 0xdb0 <LCD_WriteString>
     502:	41 e0       	ldi	r20, 0x01	; 1
     504:	60 e0       	ldi	r22, 0x00	; 0
     506:	81 e0       	ldi	r24, 0x01	; 1
     508:	0e 94 fc 06 	call	0xdf8	; 0xdf8 <LCD_GotoXY>
     50c:	61 e0       	ldi	r22, 0x01	; 1
     50e:	80 ea       	ldi	r24, 0xA0	; 160
     510:	90 e0       	ldi	r25, 0x00	; 0
     512:	0e 94 d8 06 	call	0xdb0	; 0xdb0 <LCD_WriteString>
     516:	81 e0       	ldi	r24, 0x01	; 1
     518:	80 93 e7 00 	sts	0x00E7, r24	; 0x8000e7 <Menu_Drawn.3>
     51c:	66 cf       	rjmp	.-308    	; 0x3ea <.L67>

0000051e <.L84>:
     51e:	80 91 e4 00 	lds	r24, 0x00E4	; 0x8000e4 <New_Value.1>
     522:	80 93 64 00 	sts	0x0064, r24	; 0x800064 <Metrics+0x2>
     526:	87 cf       	rjmp	.-242    	; 0x436 <.L77>

00000528 <.L85>:
     528:	80 91 e4 00 	lds	r24, 0x00E4	; 0x8000e4 <New_Value.1>
     52c:	80 93 65 00 	sts	0x0065, r24	; 0x800065 <Metrics+0x3>
     530:	82 cf       	rjmp	.-252    	; 0x436 <.L77>

00000532 <StateMachine>:
     532:	80 91 60 00 	lds	r24, 0x0060	; 0x800060 <dht_timer.0>
     536:	90 91 61 00 	lds	r25, 0x0061	; 0x800061 <dht_timer.0+0x1>
     53a:	88 3c       	cpi	r24, 0xC8	; 200
     53c:	91 05       	cpc	r25, r1
     53e:	08 f0       	brcs	.+2      	; 0x542 <.L88>

00000540 <L0^A>:
     540:	94 c0       	rjmp	.+296    	; 0x66a <.L99>

00000542 <.L88>:
     542:	80 91 62 00 	lds	r24, 0x0062	; 0x800062 <Metrics>
     546:	90 91 67 00 	lds	r25, 0x0067	; 0x800067 <Metrics+0x5>
     54a:	98 17       	cp	r25, r24
     54c:	18 f5       	brcc	.+70     	; 0x594 <.L89>
     54e:	90 91 68 00 	lds	r25, 0x0068	; 0x800068 <Metrics+0x6>
     552:	89 17       	cp	r24, r25
     554:	f8 f4       	brcc	.+62     	; 0x594 <.L89>
     556:	80 91 63 00 	lds	r24, 0x0063	; 0x800063 <Metrics+0x1>
     55a:	90 91 69 00 	lds	r25, 0x0069	; 0x800069 <Metrics+0x7>
     55e:	98 17       	cp	r25, r24
     560:	c8 f4       	brcc	.+50     	; 0x594 <.L89>
     562:	80 91 e2 00 	lds	r24, 0x00E2	; 0x8000e2 <System_State>
     566:	82 30       	cpi	r24, 0x02	; 2
     568:	c1 f4       	brne	.+48     	; 0x59a <.L91>
     56a:	10 92 e2 00 	sts	0x00E2, r1	; 0x8000e2 <System_State>
     56e:	41 e0       	ldi	r20, 0x01	; 1
     570:	65 e0       	ldi	r22, 0x05	; 5
     572:	83 e0       	ldi	r24, 0x03	; 3
     574:	0e 94 b1 07 	call	0xf62	; 0xf62 <LED_Off>
     578:	41 e0       	ldi	r20, 0x01	; 1
     57a:	66 e0       	ldi	r22, 0x06	; 6
     57c:	83 e0       	ldi	r24, 0x03	; 3
     57e:	0e 94 b1 07 	call	0xf62	; 0xf62 <LED_Off>
     582:	41 e0       	ldi	r20, 0x01	; 1
     584:	64 e0       	ldi	r22, 0x04	; 4
     586:	83 e0       	ldi	r24, 0x03	; 3
     588:	0e 94 b1 07 	call	0xf62	; 0xf62 <LED_Off>
     58c:	81 e0       	ldi	r24, 0x01	; 1
     58e:	0e 94 11 07 	call	0xe22	; 0xe22 <LCD_Clear>
     592:	03 c0       	rjmp	.+6      	; 0x59a <.L91>

00000594 <.L89>:
     594:	82 e0       	ldi	r24, 0x02	; 2
     596:	80 93 e2 00 	sts	0x00E2, r24	; 0x8000e2 <System_State>

0000059a <.L91>:
     59a:	80 91 e2 00 	lds	r24, 0x00E2	; 0x8000e2 <System_State>
     59e:	81 15       	cp	r24, r1
     5a0:	09 f4       	brne	.+2      	; 0x5a4 <.L92>

000005a2 <L0^A>:
     5a2:	4f c0       	rjmp	.+158    	; 0x642 <.L100>

000005a4 <.L92>:
     5a4:	80 91 e2 00 	lds	r24, 0x00E2	; 0x8000e2 <System_State>
     5a8:	81 30       	cpi	r24, 0x01	; 1
     5aa:	09 f4       	brne	.+2      	; 0x5ae <.L102>

000005ac <L0^A>:
     5ac:	5b c0       	rjmp	.+182    	; 0x664 <.L94>

000005ae <.L102>:
     5ae:	82 30       	cpi	r24, 0x02	; 2
     5b0:	a1 f0       	breq	.+40     	; 0x5da <.L95>
     5b2:	81 11       	cpse	r24, r1
     5b4:	36 c0       	rjmp	.+108    	; 0x622 <.L96>
     5b6:	60 91 63 00 	lds	r22, 0x0063	; 0x800063 <Metrics+0x1>
     5ba:	80 91 62 00 	lds	r24, 0x0062	; 0x800062 <Metrics>
     5be:	0e 94 26 01 	call	0x24c	; 0x24c <Home_Screen>
     5c2:	80 91 e3 00 	lds	r24, 0x00E3	; 0x8000e3 <Control_Mode>
     5c6:	81 15       	cp	r24, r1
     5c8:	09 f4       	brne	.+2      	; 0x5cc <L0^A+0x2>

000005ca <L0^A>:
     5ca:	5a c0       	rjmp	.+180    	; 0x680 <.L101>
     5cc:	80 91 e3 00 	lds	r24, 0x00E3	; 0x8000e3 <Control_Mode>
     5d0:	81 30       	cpi	r24, 0x01	; 1
     5d2:	39 f5       	brne	.+78     	; 0x622 <.L96>
     5d4:	0e 94 c9 00 	call	0x192	; 0x192 <Manual_Mode>
     5d8:	24 c0       	rjmp	.+72     	; 0x622 <.L96>

000005da <.L95>:
     5da:	41 e0       	ldi	r20, 0x01	; 1
     5dc:	60 e0       	ldi	r22, 0x00	; 0
     5de:	80 e0       	ldi	r24, 0x00	; 0
     5e0:	0e 94 fc 06 	call	0xdf8	; 0xdf8 <LCD_GotoXY>
     5e4:	61 e0       	ldi	r22, 0x01	; 1
     5e6:	80 ec       	ldi	r24, 0xC0	; 192
     5e8:	90 e0       	ldi	r25, 0x00	; 0
     5ea:	0e 94 d8 06 	call	0xdb0	; 0xdb0 <LCD_WriteString>
     5ee:	41 e0       	ldi	r20, 0x01	; 1
     5f0:	60 e0       	ldi	r22, 0x00	; 0
     5f2:	81 e0       	ldi	r24, 0x01	; 1
     5f4:	0e 94 fc 06 	call	0xdf8	; 0xdf8 <LCD_GotoXY>
     5f8:	61 e0       	ldi	r22, 0x01	; 1
     5fa:	81 ed       	ldi	r24, 0xD1	; 209
     5fc:	90 e0       	ldi	r25, 0x00	; 0
     5fe:	0e 94 d8 06 	call	0xdb0	; 0xdb0 <LCD_WriteString>
     602:	60 e0       	ldi	r22, 0x00	; 0
     604:	81 e0       	ldi	r24, 0x01	; 1
     606:	0e 94 d3 07 	call	0xfa6	; 0xfa6 <Relay_TurnOff>
     60a:	62 e0       	ldi	r22, 0x02	; 2
     60c:	81 e0       	ldi	r24, 0x01	; 1
     60e:	0e 94 d3 07 	call	0xfa6	; 0xfa6 <Relay_TurnOff>
     612:	61 e0       	ldi	r22, 0x01	; 1
     614:	81 e0       	ldi	r24, 0x01	; 1
     616:	0e 94 d3 07 	call	0xfa6	; 0xfa6 <Relay_TurnOff>
     61a:	82 e6       	ldi	r24, 0x62	; 98
     61c:	90 e0       	ldi	r25, 0x00	; 0
     61e:	0e 94 9f 01 	call	0x33e	; 0x33e <Emergency_Function>

00000622 <.L96>:
     622:	8f e1       	ldi	r24, 0x1F	; 31
     624:	9e e4       	ldi	r25, 0x4E	; 78

00000626 <.L1^B7>:
     626:	01 97       	sbiw	r24, 0x01	; 1
     628:	f1 f7       	brne	.-4      	; 0x626 <.L1^B7>
     62a:	00 c0       	rjmp	.+0      	; 0x62c <L0^A>

0000062c <L0^A>:
     62c:	00 00       	nop
     62e:	80 91 60 00 	lds	r24, 0x0060	; 0x800060 <dht_timer.0>
     632:	90 91 61 00 	lds	r25, 0x0061	; 0x800061 <dht_timer.0+0x1>
     636:	01 96       	adiw	r24, 0x01	; 1
     638:	80 93 60 00 	sts	0x0060, r24	; 0x800060 <dht_timer.0>
     63c:	90 93 61 00 	sts	0x0061, r25	; 0x800061 <dht_timer.0+0x1>
     640:	08 95       	ret

00000642 <.L100>:
     642:	0e 94 c5 04 	call	0x98a	; 0x98a <Keypad_GetButton>
     646:	83 34       	cpi	r24, 0x43	; 67
     648:	09 f0       	breq	.+2      	; 0x64c <L0^A+0x2>

0000064a <L0^A>:
     64a:	ac cf       	rjmp	.-168    	; 0x5a4 <.L92>
     64c:	81 e0       	ldi	r24, 0x01	; 1
     64e:	80 93 e2 00 	sts	0x00E2, r24	; 0x8000e2 <System_State>

00000652 <.L93>:
     652:	0e 94 c5 04 	call	0x98a	; 0x98a <Keypad_GetButton>
     656:	8f 3f       	cpi	r24, 0xFF	; 255
     658:	e1 f7       	brne	.-8      	; 0x652 <.L93>
     65a:	80 91 e2 00 	lds	r24, 0x00E2	; 0x8000e2 <System_State>
     65e:	81 30       	cpi	r24, 0x01	; 1
     660:	09 f0       	breq	.+2      	; 0x664 <.L94>

00000662 <L0^A>:
     662:	a5 cf       	rjmp	.-182    	; 0x5ae <.L102>

00000664 <.L94>:
     664:	0e 94 ed 01 	call	0x3da	; 0x3da <Configuration_Mode>
     668:	dc cf       	rjmp	.-72     	; 0x622 <.L96>

0000066a <.L99>:
     66a:	63 e6       	ldi	r22, 0x63	; 99
     66c:	70 e0       	ldi	r23, 0x00	; 0
     66e:	82 e6       	ldi	r24, 0x62	; 98
     670:	90 e0       	ldi	r25, 0x00	; 0
     672:	0e 94 16 04 	call	0x82c	; 0x82c <DHT_GetData>
     676:	10 92 60 00 	sts	0x0060, r1	; 0x800060 <dht_timer.0>
     67a:	10 92 61 00 	sts	0x0061, r1	; 0x800061 <dht_timer.0+0x1>
     67e:	61 cf       	rjmp	.-318    	; 0x542 <.L88>

00000680 <.L101>:
     680:	82 e6       	ldi	r24, 0x62	; 98
     682:	90 e0       	ldi	r25, 0x00	; 0
     684:	0e 94 69 01 	call	0x2d2	; 0x2d2 <Automatic_Mode>
     688:	cc cf       	rjmp	.-104    	; 0x622 <.L96>

0000068a <BTNEXTI_Init>:
     68a:	81 30       	cpi	r24, 0x01	; 1
     68c:	20 f0       	brcs	.+8      	; 0x696 <.L6>
     68e:	49 f1       	breq	.+82     	; 0x6e2 <.L7>
     690:	82 30       	cpi	r24, 0x02	; 2
     692:	a1 f0       	breq	.+40     	; 0x6bc <.L8>
     694:	08 95       	ret

00000696 <.L6>:
     696:	40 e0       	ldi	r20, 0x00	; 0
     698:	62 e0       	ldi	r22, 0x02	; 2
     69a:	83 e0       	ldi	r24, 0x03	; 3
     69c:	0e 94 27 08 	call	0x104e	; 0x104e <DIO_SetPinDirection>
     6a0:	41 e0       	ldi	r20, 0x01	; 1
     6a2:	62 e0       	ldi	r22, 0x02	; 2
     6a4:	83 e0       	ldi	r24, 0x03	; 3
     6a6:	0e 94 99 08 	call	0x1132	; 0x1132 <DIO_SetPinValue>
     6aa:	62 e0       	ldi	r22, 0x02	; 2
     6ac:	80 e0       	ldi	r24, 0x00	; 0
     6ae:	0e 94 64 09 	call	0x12c8	; 0x12c8 <EXTI_Init>
     6b2:	80 e0       	ldi	r24, 0x00	; 0
     6b4:	0e 94 bc 09 	call	0x1378	; 0x1378 <EXTI_Enable>
     6b8:	0c 94 73 0a 	jmp	0x14e6	; 0x14e6 <GIE_Enable>

000006bc <.L8>:
     6bc:	40 e0       	ldi	r20, 0x00	; 0
     6be:	62 e0       	ldi	r22, 0x02	; 2
     6c0:	81 e0       	ldi	r24, 0x01	; 1
     6c2:	0e 94 27 08 	call	0x104e	; 0x104e <DIO_SetPinDirection>
     6c6:	41 e0       	ldi	r20, 0x01	; 1
     6c8:	62 e0       	ldi	r22, 0x02	; 2
     6ca:	81 e0       	ldi	r24, 0x01	; 1
     6cc:	0e 94 99 08 	call	0x1132	; 0x1132 <DIO_SetPinValue>
     6d0:	62 e0       	ldi	r22, 0x02	; 2
     6d2:	82 e0       	ldi	r24, 0x02	; 2
     6d4:	0e 94 64 09 	call	0x12c8	; 0x12c8 <EXTI_Init>
     6d8:	82 e0       	ldi	r24, 0x02	; 2
     6da:	0e 94 bc 09 	call	0x1378	; 0x1378 <EXTI_Enable>
     6de:	0c 94 73 0a 	jmp	0x14e6	; 0x14e6 <GIE_Enable>

000006e2 <.L7>:
     6e2:	40 e0       	ldi	r20, 0x00	; 0
     6e4:	63 e0       	ldi	r22, 0x03	; 3
     6e6:	83 e0       	ldi	r24, 0x03	; 3
     6e8:	0e 94 27 08 	call	0x104e	; 0x104e <DIO_SetPinDirection>
     6ec:	41 e0       	ldi	r20, 0x01	; 1
     6ee:	63 e0       	ldi	r22, 0x03	; 3
     6f0:	83 e0       	ldi	r24, 0x03	; 3
     6f2:	0e 94 99 08 	call	0x1132	; 0x1132 <DIO_SetPinValue>
     6f6:	62 e0       	ldi	r22, 0x02	; 2
     6f8:	81 e0       	ldi	r24, 0x01	; 1
     6fa:	0e 94 64 09 	call	0x12c8	; 0x12c8 <EXTI_Init>
     6fe:	81 e0       	ldi	r24, 0x01	; 1
     700:	0e 94 bc 09 	call	0x1378	; 0x1378 <EXTI_Enable>
     704:	0c 94 73 0a 	jmp	0x14e6	; 0x14e6 <GIE_Enable>

00000708 <BTNEXTI_SetCallBack>:
     708:	00 97       	sbiw	r24, 0x00	; 0
     70a:	29 f0       	breq	.+10     	; 0x716 <.L9>
     70c:	61 30       	cpi	r22, 0x01	; 1
     70e:	20 f0       	brcs	.+8      	; 0x718 <.L16>
     710:	59 f0       	breq	.+22     	; 0x728 <.L17>
     712:	62 30       	cpi	r22, 0x02	; 2
     714:	29 f0       	breq	.+10     	; 0x720 <.L18>

00000716 <.L9>:
     716:	08 95       	ret

00000718 <.L16>:
     718:	bc 01       	movw	r22, r24
     71a:	80 e0       	ldi	r24, 0x00	; 0
     71c:	0c 94 e0 09 	jmp	0x13c0	; 0x13c0 <EXTI_CallBack>

00000720 <.L18>:
     720:	bc 01       	movw	r22, r24
     722:	82 e0       	ldi	r24, 0x02	; 2
     724:	0c 94 e0 09 	jmp	0x13c0	; 0x13c0 <EXTI_CallBack>

00000728 <.L17>:
     728:	bc 01       	movw	r22, r24
     72a:	81 e0       	ldi	r24, 0x01	; 1
     72c:	0c 94 e0 09 	jmp	0x13c0	; 0x13c0 <EXTI_CallBack>

00000730 <BTN_Init>:
     730:	cf 93       	push	r28
     732:	df 93       	push	r29
     734:	00 d0       	rcall	.+0      	; 0x736 <L0^A>

00000736 <L0^A>:
     736:	cd b7       	in	r28, 0x3d	; 61
     738:	de b7       	in	r29, 0x3e	; 62
     73a:	89 83       	std	Y+1, r24	; 0x01
     73c:	6a 83       	std	Y+2, r22	; 0x02
     73e:	40 e0       	ldi	r20, 0x00	; 0
     740:	0e 94 27 08 	call	0x104e	; 0x104e <DIO_SetPinDirection>
     744:	41 e0       	ldi	r20, 0x01	; 1
     746:	6a 81       	ldd	r22, Y+2	; 0x02
     748:	89 81       	ldd	r24, Y+1	; 0x01
     74a:	0f 90       	pop	r0
     74c:	0f 90       	pop	r0
     74e:	df 91       	pop	r29
     750:	cf 91       	pop	r28
     752:	0c 94 99 08 	jmp	0x1132	; 0x1132 <DIO_SetPinValue>

00000756 <BTN_IsPressed>:
     756:	0c 94 08 09 	jmp	0x1210	; 0x1210 <DIO_ReadPin>

0000075a <DHT_Start>:
     75a:	41 e0       	ldi	r20, 0x01	; 1
     75c:	67 e0       	ldi	r22, 0x07	; 7
     75e:	83 e0       	ldi	r24, 0x03	; 3
     760:	0e 94 27 08 	call	0x104e	; 0x104e <DIO_SetPinDirection>
     764:	40 e0       	ldi	r20, 0x00	; 0
     766:	67 e0       	ldi	r22, 0x07	; 7
     768:	83 e0       	ldi	r24, 0x03	; 3
     76a:	0e 94 99 08 	call	0x1132	; 0x1132 <DIO_SetPinValue>
     76e:	8f e1       	ldi	r24, 0x1F	; 31
     770:	9e e4       	ldi	r25, 0x4E	; 78

00000772 <.L1^B1>:
     772:	01 97       	sbiw	r24, 0x01	; 1
     774:	f1 f7       	brne	.-4      	; 0x772 <.L1^B1>
     776:	00 c0       	rjmp	.+0      	; 0x778 <L0^A>

00000778 <L0^A>:
     778:	00 00       	nop
     77a:	41 e0       	ldi	r20, 0x01	; 1
     77c:	67 e0       	ldi	r22, 0x07	; 7
     77e:	83 e0       	ldi	r24, 0x03	; 3
     780:	0e 94 99 08 	call	0x1132	; 0x1132 <DIO_SetPinValue>
     784:	9a e6       	ldi	r25, 0x6A	; 106

00000786 <.L1^B2>:
     786:	9a 95       	dec	r25
     788:	f1 f7       	brne	.-4      	; 0x786 <.L1^B2>
     78a:	00 c0       	rjmp	.+0      	; 0x78c <L0^A>

0000078c <L0^A>:
     78c:	40 e0       	ldi	r20, 0x00	; 0
     78e:	67 e0       	ldi	r22, 0x07	; 7
     790:	83 e0       	ldi	r24, 0x03	; 3
     792:	0c 94 27 08 	jmp	0x104e	; 0x104e <DIO_SetPinDirection>

00000796 <DHT_Response>:
     796:	cf 93       	push	r28
     798:	df 93       	push	r29
     79a:	0f 92       	push	r0
     79c:	cd b7       	in	r28, 0x3d	; 61
     79e:	de b7       	in	r29, 0x3e	; 62
     7a0:	8a e6       	ldi	r24, 0x6A	; 106

000007a2 <.L1^B3>:
     7a2:	8a 95       	dec	r24
     7a4:	f1 f7       	brne	.-4      	; 0x7a2 <.L1^B3>
     7a6:	00 c0       	rjmp	.+0      	; 0x7a8 <L0^A>

000007a8 <L0^A>:
     7a8:	67 e0       	ldi	r22, 0x07	; 7
     7aa:	83 e0       	ldi	r24, 0x03	; 3
     7ac:	0e 94 08 09 	call	0x1210	; 0x1210 <DIO_ReadPin>
     7b0:	81 15       	cp	r24, r1
     7b2:	61 f0       	breq	.+24     	; 0x7cc <.L13>

000007b4 <.L7>:
     7b4:	19 82       	std	Y+1, r1	; 0x01

000007b6 <.L6>:
     7b6:	67 e0       	ldi	r22, 0x07	; 7
     7b8:	83 e0       	ldi	r24, 0x03	; 3
     7ba:	0e 94 08 09 	call	0x1210	; 0x1210 <DIO_ReadPin>
     7be:	81 30       	cpi	r24, 0x01	; 1
     7c0:	d1 f3       	breq	.-12     	; 0x7b6 <.L6>
     7c2:	89 81       	ldd	r24, Y+1	; 0x01
     7c4:	0f 90       	pop	r0
     7c6:	df 91       	pop	r29
     7c8:	cf 91       	pop	r28
     7ca:	08 95       	ret

000007cc <.L13>:
     7cc:	95 ed       	ldi	r25, 0xD5	; 213

000007ce <.L1^B4>:
     7ce:	9a 95       	dec	r25
     7d0:	f1 f7       	brne	.-4      	; 0x7ce <.L1^B4>
     7d2:	00 00       	nop
     7d4:	67 e0       	ldi	r22, 0x07	; 7
     7d6:	83 e0       	ldi	r24, 0x03	; 3
     7d8:	0e 94 08 09 	call	0x1210	; 0x1210 <DIO_ReadPin>
     7dc:	91 e0       	ldi	r25, 0x01	; 1
     7de:	99 83       	std	Y+1, r25	; 0x01
     7e0:	81 30       	cpi	r24, 0x01	; 1
     7e2:	41 f7       	brne	.-48     	; 0x7b4 <.L7>
     7e4:	e8 cf       	rjmp	.-48     	; 0x7b6 <.L6>

000007e6 <DHT_ReadByte>:
     7e6:	cf 93       	push	r28
     7e8:	df 93       	push	r29
     7ea:	c8 e0       	ldi	r28, 0x08	; 8
     7ec:	d0 e0       	ldi	r29, 0x00	; 0

000007ee <.L15>:
     7ee:	67 e0       	ldi	r22, 0x07	; 7
     7f0:	83 e0       	ldi	r24, 0x03	; 3
     7f2:	0e 94 08 09 	call	0x1210	; 0x1210 <DIO_ReadPin>
     7f6:	81 15       	cp	r24, r1
     7f8:	d1 f3       	breq	.-12     	; 0x7ee <.L15>
     7fa:	8a e6       	ldi	r24, 0x6A	; 106

000007fc <.L1^B5>:
     7fc:	8a 95       	dec	r24
     7fe:	f1 f7       	brne	.-4      	; 0x7fc <.L1^B5>
     800:	00 c0       	rjmp	.+0      	; 0x802 <L0^A>

00000802 <L0^A>:
     802:	dd 0f       	add	r29, r29
     804:	67 e0       	ldi	r22, 0x07	; 7
     806:	83 e0       	ldi	r24, 0x03	; 3
     808:	0e 94 08 09 	call	0x1210	; 0x1210 <DIO_ReadPin>
     80c:	81 30       	cpi	r24, 0x01	; 1
     80e:	31 f0       	breq	.+12     	; 0x81c <.L24>

00000810 <.L16>:
     810:	c1 50       	subi	r28, 0x01	; 1
     812:	69 f7       	brne	.-38     	; 0x7ee <.L15>
     814:	8d 2f       	mov	r24, r29
     816:	df 91       	pop	r29
     818:	cf 91       	pop	r28
     81a:	08 95       	ret

0000081c <.L24>:
     81c:	d1 60       	ori	r29, 0x01	; 1

0000081e <.L17>:
     81e:	67 e0       	ldi	r22, 0x07	; 7
     820:	83 e0       	ldi	r24, 0x03	; 3
     822:	0e 94 08 09 	call	0x1210	; 0x1210 <DIO_ReadPin>
     826:	81 30       	cpi	r24, 0x01	; 1
     828:	d1 f3       	breq	.-12     	; 0x81e <.L17>
     82a:	f2 cf       	rjmp	.-28     	; 0x810 <.L16>

0000082c <DHT_GetData>:
     82c:	ef 92       	push	r14
     82e:	ff 92       	push	r15
     830:	0f 93       	push	r16
     832:	1f 93       	push	r17
     834:	cf 93       	push	r28
     836:	df 93       	push	r29
     838:	cd b7       	in	r28, 0x3d	; 61
     83a:	de b7       	in	r29, 0x3e	; 62
     83c:	29 97       	sbiw	r28, 0x09	; 9
     83e:	0f b6       	in	r0, 0x3f	; 63
     840:	f8 94       	cli
     842:	de bf       	out	0x3e, r29	; 62
     844:	0f be       	out	0x3f, r0	; 63
     846:	cd bf       	out	0x3d, r28	; 61
     848:	8e 83       	std	Y+6, r24	; 0x06
     84a:	9f 83       	std	Y+7, r25	; 0x07
     84c:	68 87       	std	Y+8, r22	; 0x08
     84e:	79 87       	std	Y+9, r23	; 0x09
     850:	0e 94 ad 03 	call	0x75a	; 0x75a <DHT_Start>
     854:	0e 94 cb 03 	call	0x796	; 0x796 <DHT_Response>
     858:	81 15       	cp	r24, r1
     85a:	c9 f0       	breq	.+50     	; 0x88e <.L26>
     85c:	8e 01       	movw	r16, r28
     85e:	0f 5f       	subi	r16, 0xFF	; 255
     860:	1f 4f       	sbci	r17, 0xFF	; 255
     862:	7e 01       	movw	r14, r28
     864:	86 e0       	ldi	r24, 0x06	; 6
     866:	e8 0e       	add	r14, r24
     868:	f1 1c       	adc	r15, r1

0000086a <.L27>:
     86a:	0e 94 f3 03 	call	0x7e6	; 0x7e6 <DHT_ReadByte>
     86e:	f8 01       	movw	r30, r16
     870:	81 93       	st	Z+, r24
     872:	8f 01       	movw	r16, r30
     874:	ee 15       	cp	r30, r14
     876:	ff 05       	cpc	r31, r15
     878:	c1 f7       	brne	.-16     	; 0x86a <.L27>
     87a:	89 81       	ldd	r24, Y+1	; 0x01
     87c:	9a 81       	ldd	r25, Y+2	; 0x02
     87e:	89 0f       	add	r24, r25
     880:	9b 81       	ldd	r25, Y+3	; 0x03
     882:	89 0f       	add	r24, r25
     884:	9c 81       	ldd	r25, Y+4	; 0x04
     886:	89 0f       	add	r24, r25
     888:	9d 81       	ldd	r25, Y+5	; 0x05
     88a:	98 17       	cp	r25, r24
     88c:	71 f0       	breq	.+28     	; 0x8aa <.L32>

0000088e <.L26>:
     88e:	80 e0       	ldi	r24, 0x00	; 0

00000890 <.L25>:
     890:	29 96       	adiw	r28, 0x09	; 9
     892:	0f b6       	in	r0, 0x3f	; 63
     894:	f8 94       	cli
     896:	de bf       	out	0x3e, r29	; 62
     898:	0f be       	out	0x3f, r0	; 63
     89a:	cd bf       	out	0x3d, r28	; 61
     89c:	df 91       	pop	r29
     89e:	cf 91       	pop	r28
     8a0:	1f 91       	pop	r17
     8a2:	0f 91       	pop	r16
     8a4:	ff 90       	pop	r15
     8a6:	ef 90       	pop	r14
     8a8:	08 95       	ret

000008aa <.L32>:
     8aa:	0b 81       	ldd	r16, Y+3	; 0x03
     8ac:	1c 81       	ldd	r17, Y+4	; 0x04
     8ae:	10 27       	eor	r17, r16
     8b0:	01 27       	eor	r16, r17
     8b2:	10 27       	eor	r17, r16
     8b4:	69 81       	ldd	r22, Y+1	; 0x01
     8b6:	7a 81       	ldd	r23, Y+2	; 0x02
     8b8:	76 27       	eor	r23, r22
     8ba:	67 27       	eor	r22, r23
     8bc:	76 27       	eor	r23, r22
     8be:	80 e0       	ldi	r24, 0x00	; 0
     8c0:	90 e0       	ldi	r25, 0x00	; 0
     8c2:	0e 94 32 0c 	call	0x1864	; 0x1864 <__floatunsisf>
     8c6:	20 e0       	ldi	r18, 0x00	; 0
     8c8:	30 e0       	ldi	r19, 0x00	; 0
     8ca:	40 e2       	ldi	r20, 0x20	; 32
     8cc:	51 e4       	ldi	r21, 0x41	; 65
     8ce:	0e 94 91 0b 	call	0x1722	; 0x1722 <__divsf3>
     8d2:	0e 94 03 0c 	call	0x1806	; 0x1806 <__fixunssfsi>
     8d6:	e8 85       	ldd	r30, Y+8	; 0x08
     8d8:	f9 85       	ldd	r31, Y+9	; 0x09
     8da:	60 83       	st	Z, r22
     8dc:	b8 01       	movw	r22, r16
     8de:	80 e0       	ldi	r24, 0x00	; 0
     8e0:	90 e0       	ldi	r25, 0x00	; 0
     8e2:	0e 94 32 0c 	call	0x1864	; 0x1864 <__floatunsisf>
     8e6:	20 e0       	ldi	r18, 0x00	; 0
     8e8:	30 e0       	ldi	r19, 0x00	; 0
     8ea:	40 e2       	ldi	r20, 0x20	; 32
     8ec:	51 e4       	ldi	r21, 0x41	; 65
     8ee:	0e 94 91 0b 	call	0x1722	; 0x1722 <__divsf3>
     8f2:	0e 94 03 0c 	call	0x1806	; 0x1806 <__fixunssfsi>
     8f6:	ee 81       	ldd	r30, Y+6	; 0x06
     8f8:	ff 81       	ldd	r31, Y+7	; 0x07
     8fa:	60 83       	st	Z, r22
     8fc:	c9 cf       	rjmp	.-110    	; 0x890 <.L25>

000008fe <Keypad_Init>:
     8fe:	40 e0       	ldi	r20, 0x00	; 0
     900:	60 e0       	ldi	r22, 0x00	; 0
     902:	83 e0       	ldi	r24, 0x03	; 3
     904:	0e 94 27 08 	call	0x104e	; 0x104e <DIO_SetPinDirection>
     908:	40 e0       	ldi	r20, 0x00	; 0
     90a:	61 e0       	ldi	r22, 0x01	; 1
     90c:	83 e0       	ldi	r24, 0x03	; 3
     90e:	0e 94 27 08 	call	0x104e	; 0x104e <DIO_SetPinDirection>
     912:	40 e0       	ldi	r20, 0x00	; 0
     914:	63 e0       	ldi	r22, 0x03	; 3
     916:	83 e0       	ldi	r24, 0x03	; 3
     918:	0e 94 27 08 	call	0x104e	; 0x104e <DIO_SetPinDirection>
     91c:	41 e0       	ldi	r20, 0x01	; 1
     91e:	60 e0       	ldi	r22, 0x00	; 0
     920:	83 e0       	ldi	r24, 0x03	; 3
     922:	0e 94 99 08 	call	0x1132	; 0x1132 <DIO_SetPinValue>
     926:	41 e0       	ldi	r20, 0x01	; 1
     928:	61 e0       	ldi	r22, 0x01	; 1
     92a:	83 e0       	ldi	r24, 0x03	; 3
     92c:	0e 94 99 08 	call	0x1132	; 0x1132 <DIO_SetPinValue>
     930:	41 e0       	ldi	r20, 0x01	; 1
     932:	63 e0       	ldi	r22, 0x03	; 3
     934:	83 e0       	ldi	r24, 0x03	; 3
     936:	0e 94 99 08 	call	0x1132	; 0x1132 <DIO_SetPinValue>
     93a:	41 e0       	ldi	r20, 0x01	; 1
     93c:	63 e0       	ldi	r22, 0x03	; 3
     93e:	81 e0       	ldi	r24, 0x01	; 1
     940:	0e 94 27 08 	call	0x104e	; 0x104e <DIO_SetPinDirection>
     944:	41 e0       	ldi	r20, 0x01	; 1
     946:	64 e0       	ldi	r22, 0x04	; 4
     948:	81 e0       	ldi	r24, 0x01	; 1
     94a:	0e 94 27 08 	call	0x104e	; 0x104e <DIO_SetPinDirection>
     94e:	41 e0       	ldi	r20, 0x01	; 1
     950:	65 e0       	ldi	r22, 0x05	; 5
     952:	81 e0       	ldi	r24, 0x01	; 1
     954:	0e 94 27 08 	call	0x104e	; 0x104e <DIO_SetPinDirection>
     958:	41 e0       	ldi	r20, 0x01	; 1
     95a:	66 e0       	ldi	r22, 0x06	; 6
     95c:	81 e0       	ldi	r24, 0x01	; 1
     95e:	0e 94 27 08 	call	0x104e	; 0x104e <DIO_SetPinDirection>
     962:	41 e0       	ldi	r20, 0x01	; 1
     964:	63 e0       	ldi	r22, 0x03	; 3
     966:	81 e0       	ldi	r24, 0x01	; 1
     968:	0e 94 99 08 	call	0x1132	; 0x1132 <DIO_SetPinValue>
     96c:	41 e0       	ldi	r20, 0x01	; 1
     96e:	64 e0       	ldi	r22, 0x04	; 4
     970:	81 e0       	ldi	r24, 0x01	; 1
     972:	0e 94 99 08 	call	0x1132	; 0x1132 <DIO_SetPinValue>
     976:	41 e0       	ldi	r20, 0x01	; 1
     978:	65 e0       	ldi	r22, 0x05	; 5
     97a:	81 e0       	ldi	r24, 0x01	; 1
     97c:	0e 94 99 08 	call	0x1132	; 0x1132 <DIO_SetPinValue>
     980:	41 e0       	ldi	r20, 0x01	; 1
     982:	66 e0       	ldi	r22, 0x06	; 6
     984:	81 e0       	ldi	r24, 0x01	; 1
     986:	0c 94 99 08 	jmp	0x1132	; 0x1132 <DIO_SetPinValue>

0000098a <Keypad_GetButton>:
     98a:	2f 92       	push	r2
     98c:	3f 92       	push	r3
     98e:	4f 92       	push	r4
     990:	5f 92       	push	r5
     992:	6f 92       	push	r6
     994:	7f 92       	push	r7
     996:	8f 92       	push	r8
     998:	9f 92       	push	r9
     99a:	af 92       	push	r10
     99c:	bf 92       	push	r11
     99e:	cf 92       	push	r12
     9a0:	df 92       	push	r13
     9a2:	ef 92       	push	r14
     9a4:	ff 92       	push	r15
     9a6:	0f 93       	push	r16
     9a8:	1f 93       	push	r17
     9aa:	cf 93       	push	r28
     9ac:	df 93       	push	r29
     9ae:	cd b7       	in	r28, 0x3d	; 61
     9b0:	de b7       	in	r29, 0x3e	; 62
     9b2:	2e 97       	sbiw	r28, 0x0e	; 14
     9b4:	0f b6       	in	r0, 0x3f	; 63
     9b6:	f8 94       	cli
     9b8:	de bf       	out	0x3e, r29	; 62
     9ba:	0f be       	out	0x3f, r0	; 63
     9bc:	cd bf       	out	0x3d, r28	; 61
     9be:	81 e0       	ldi	r24, 0x01	; 1
     9c0:	91 e0       	ldi	r25, 0x01	; 1
     9c2:	8d 83       	std	Y+5, r24	; 0x05
     9c4:	9e 83       	std	Y+6, r25	; 0x06
     9c6:	8f 83       	std	Y+7, r24	; 0x07
     9c8:	98 87       	std	Y+8, r25	; 0x08
     9ca:	83 e0       	ldi	r24, 0x03	; 3
     9cc:	94 e0       	ldi	r25, 0x04	; 4
     9ce:	89 83       	std	Y+1, r24	; 0x01
     9d0:	9a 83       	std	Y+2, r25	; 0x02
     9d2:	85 e0       	ldi	r24, 0x05	; 5
     9d4:	96 e0       	ldi	r25, 0x06	; 6
     9d6:	8b 83       	std	Y+3, r24	; 0x03
     9d8:	9c 83       	std	Y+4, r25	; 0x04
     9da:	83 e0       	ldi	r24, 0x03	; 3
     9dc:	93 e0       	ldi	r25, 0x03	; 3
     9de:	8c 87       	std	Y+12, r24	; 0x0c
     9e0:	9d 87       	std	Y+13, r25	; 0x0d
     9e2:	8e 87       	std	Y+14, r24	; 0x0e
     9e4:	31 e0       	ldi	r19, 0x01	; 1
     9e6:	19 86       	std	Y+9, r1	; 0x09
     9e8:	3a 87       	std	Y+10, r19	; 0x0a
     9ea:	8b 87       	std	Y+11, r24	; 0x0b
     9ec:	4e 01       	movw	r8, r28
     9ee:	2f ef       	ldi	r18, 0xFF	; 255
     9f0:	82 1a       	sub	r8, r18
     9f2:	92 0a       	sbc	r9, r18
     9f4:	5e 01       	movw	r10, r28
     9f6:	85 e0       	ldi	r24, 0x05	; 5
     9f8:	a8 0e       	add	r10, r24
     9fa:	b1 1c       	adc	r11, r1
     9fc:	c1 2c       	mov	r12, r1
     9fe:	d1 2c       	mov	r13, r1

00000a00 <.L8>:
     a00:	f4 01       	movw	r30, r8
     a02:	30 80       	ld	r3, Z
     a04:	f5 01       	movw	r30, r10
     a06:	40 80       	ld	r4, Z
     a08:	40 e0       	ldi	r20, 0x00	; 0
     a0a:	63 2d       	mov	r22, r3
     a0c:	84 2d       	mov	r24, r4
     a0e:	0e 94 99 08 	call	0x1132	; 0x1132 <DIO_SetPinValue>
     a12:	ce 01       	movw	r24, r28
     a14:	09 96       	adiw	r24, 0x09	; 9
     a16:	7c 01       	movw	r14, r24
     a18:	8e 01       	movw	r16, r28
     a1a:	04 5f       	subi	r16, 0xF4	; 244
     a1c:	1f 4f       	sbci	r17, 0xFF	; 255
     a1e:	61 2c       	mov	r6, r1
     a20:	71 2c       	mov	r7, r1

00000a22 <.L7>:
     a22:	f7 01       	movw	r30, r14
     a24:	20 80       	ld	r2, Z
     a26:	f8 01       	movw	r30, r16
     a28:	50 80       	ld	r5, Z
     a2a:	62 2d       	mov	r22, r2
     a2c:	85 2d       	mov	r24, r5
     a2e:	0e 94 08 09 	call	0x1210	; 0x1210 <DIO_ReadPin>
     a32:	81 15       	cp	r24, r1
     a34:	c9 f1       	breq	.+114    	; 0xaa8 <.L13>
     a36:	9f ef       	ldi	r25, 0xFF	; 255
     a38:	e9 1a       	sub	r14, r25
     a3a:	f9 0a       	sbc	r15, r25
     a3c:	0f 5f       	subi	r16, 0xFF	; 255
     a3e:	1f 4f       	sbci	r17, 0xFF	; 255
     a40:	ef ef       	ldi	r30, 0xFF	; 255
     a42:	6e 1a       	sub	r6, r30
     a44:	7e 0a       	sbc	r7, r30
     a46:	f3 e0       	ldi	r31, 0x03	; 3
     a48:	6f 16       	cp	r6, r31
     a4a:	71 04       	cpc	r7, r1
     a4c:	51 f7       	brne	.-44     	; 0xa22 <.L7>
     a4e:	2f ef       	ldi	r18, 0xFF	; 255
     a50:	82 1a       	sub	r8, r18
     a52:	92 0a       	sbc	r9, r18
     a54:	8f ef       	ldi	r24, 0xFF	; 255
     a56:	a8 1a       	sub	r10, r24
     a58:	b8 0a       	sbc	r11, r24
     a5a:	41 e0       	ldi	r20, 0x01	; 1
     a5c:	63 2d       	mov	r22, r3
     a5e:	84 2d       	mov	r24, r4
     a60:	0e 94 99 08 	call	0x1132	; 0x1132 <DIO_SetPinValue>
     a64:	9f ef       	ldi	r25, 0xFF	; 255
     a66:	c9 1a       	sub	r12, r25
     a68:	d9 0a       	sbc	r13, r25
     a6a:	e4 e0       	ldi	r30, 0x04	; 4
     a6c:	ce 16       	cp	r12, r30
     a6e:	d1 04       	cpc	r13, r1
     a70:	39 f6       	brne	.-114    	; 0xa00 <.L8>
     a72:	1f ef       	ldi	r17, 0xFF	; 255

00000a74 <.L3>:
     a74:	81 2f       	mov	r24, r17
     a76:	2e 96       	adiw	r28, 0x0e	; 14
     a78:	0f b6       	in	r0, 0x3f	; 63
     a7a:	f8 94       	cli
     a7c:	de bf       	out	0x3e, r29	; 62
     a7e:	0f be       	out	0x3f, r0	; 63
     a80:	cd bf       	out	0x3d, r28	; 61
     a82:	df 91       	pop	r29
     a84:	cf 91       	pop	r28
     a86:	1f 91       	pop	r17
     a88:	0f 91       	pop	r16
     a8a:	ff 90       	pop	r15
     a8c:	ef 90       	pop	r14
     a8e:	df 90       	pop	r13
     a90:	cf 90       	pop	r12
     a92:	bf 90       	pop	r11
     a94:	af 90       	pop	r10
     a96:	9f 90       	pop	r9
     a98:	8f 90       	pop	r8
     a9a:	7f 90       	pop	r7
     a9c:	6f 90       	pop	r6
     a9e:	5f 90       	pop	r5
     aa0:	4f 90       	pop	r4
     aa2:	3f 90       	pop	r3
     aa4:	2f 90       	pop	r2
     aa6:	08 95       	ret

00000aa8 <.L13>:
     aa8:	c6 01       	movw	r24, r12
     aaa:	88 0f       	add	r24, r24
     aac:	99 1f       	adc	r25, r25
     aae:	8c 0d       	add	r24, r12
     ab0:	9d 1d       	adc	r25, r13
     ab2:	86 59       	subi	r24, 0x96	; 150
     ab4:	9f 4f       	sbci	r25, 0xFF	; 255
     ab6:	fc 01       	movw	r30, r24
     ab8:	e6 0d       	add	r30, r6
     aba:	f7 1d       	adc	r31, r7
     abc:	10 81       	ld	r17, Z

00000abe <.L5>:
     abe:	62 2d       	mov	r22, r2
     ac0:	85 2d       	mov	r24, r5
     ac2:	0e 94 08 09 	call	0x1210	; 0x1210 <DIO_ReadPin>
     ac6:	81 15       	cp	r24, r1
     ac8:	d1 f3       	breq	.-12     	; 0xabe <.L5>
     aca:	ff e7       	ldi	r31, 0x7F	; 127
     acc:	28 e3       	ldi	r18, 0x38	; 56
     ace:	81 e0       	ldi	r24, 0x01	; 1

00000ad0 <.L1^B1>:
     ad0:	f1 50       	subi	r31, 0x01	; 1
     ad2:	20 40       	sbci	r18, 0x00	; 0
     ad4:	80 40       	sbci	r24, 0x00	; 0
     ad6:	e1 f7       	brne	.-8      	; 0xad0 <.L1^B1>
     ad8:	00 c0       	rjmp	.+0      	; 0xada <L0^A>

00000ada <L0^A>:
     ada:	00 00       	nop
     adc:	41 e0       	ldi	r20, 0x01	; 1
     ade:	63 2d       	mov	r22, r3
     ae0:	84 2d       	mov	r24, r4
     ae2:	0e 94 99 08 	call	0x1132	; 0x1132 <DIO_SetPinValue>
     ae6:	c6 cf       	rjmp	.-116    	; 0xa74 <.L3>

00000ae8 <LCD_WriteData>:
     ae8:	cf 93       	push	r28
     aea:	df 93       	push	r29
     aec:	0f 92       	push	r0
     aee:	cd b7       	in	r28, 0x3d	; 61
     af0:	de b7       	in	r29, 0x3e	; 62
     af2:	89 83       	std	Y+1, r24	; 0x01
     af4:	61 30       	cpi	r22, 0x01	; 1
     af6:	81 f1       	breq	.+96     	; 0xb58 <.L5>
     af8:	58 f5       	brcc	.+86     	; 0xb50 <.L1>
     afa:	c0 9a       	sbi	0x18, 0	; 24
     afc:	c1 98       	cbi	0x18, 1	; 24
     afe:	88 b3       	in	r24, 0x18	; 24
     b00:	8f 70       	andi	r24, 0x0F	; 15
     b02:	99 81       	ldd	r25, Y+1	; 0x01
     b04:	90 7f       	andi	r25, 0xF0	; 240
     b06:	89 2b       	or	r24, r25
     b08:	88 bb       	out	0x18, r24	; 24
     b0a:	c2 9a       	sbi	0x18, 2	; 24
     b0c:	8f ec       	ldi	r24, 0xCF	; 207
     b0e:	97 e0       	ldi	r25, 0x07	; 7

00000b10 <.L1^B1>:
     b10:	01 97       	sbiw	r24, 0x01	; 1
     b12:	f1 f7       	brne	.-4      	; 0xb10 <.L1^B1>
     b14:	00 c0       	rjmp	.+0      	; 0xb16 <L0^A>

00000b16 <L0^A>:
     b16:	00 00       	nop
     b18:	c2 98       	cbi	0x18, 2	; 24
     b1a:	8f ec       	ldi	r24, 0xCF	; 207
     b1c:	97 e0       	ldi	r25, 0x07	; 7

00000b1e <.L1^B2>:
     b1e:	01 97       	sbiw	r24, 0x01	; 1
     b20:	f1 f7       	brne	.-4      	; 0xb1e <.L1^B2>
     b22:	00 c0       	rjmp	.+0      	; 0xb24 <L0^A>

00000b24 <L0^A>:
     b24:	00 00       	nop
     b26:	98 b3       	in	r25, 0x18	; 24
     b28:	89 81       	ldd	r24, Y+1	; 0x01
     b2a:	82 95       	swap	r24
     b2c:	80 7f       	andi	r24, 0xF0	; 240
     b2e:	9f 70       	andi	r25, 0x0F	; 15
     b30:	89 2b       	or	r24, r25
     b32:	88 bb       	out	0x18, r24	; 24
     b34:	c2 9a       	sbi	0x18, 2	; 24
     b36:	8f ec       	ldi	r24, 0xCF	; 207
     b38:	97 e0       	ldi	r25, 0x07	; 7

00000b3a <.L1^B3>:
     b3a:	01 97       	sbiw	r24, 0x01	; 1
     b3c:	f1 f7       	brne	.-4      	; 0xb3a <.L1^B3>
     b3e:	00 c0       	rjmp	.+0      	; 0xb40 <L0^A>

00000b40 <L0^A>:
     b40:	00 00       	nop
     b42:	c2 98       	cbi	0x18, 2	; 24
     b44:	8f e9       	ldi	r24, 0x9F	; 159
     b46:	9f e0       	ldi	r25, 0x0F	; 15

00000b48 <.L1^B4>:
     b48:	01 97       	sbiw	r24, 0x01	; 1
     b4a:	f1 f7       	brne	.-4      	; 0xb48 <.L1^B4>
     b4c:	00 c0       	rjmp	.+0      	; 0xb4e <L0^A>

00000b4e <L0^A>:
	...

00000b50 <.L1>:
     b50:	0f 90       	pop	r0
     b52:	df 91       	pop	r29
     b54:	cf 91       	pop	r28
     b56:	08 95       	ret

00000b58 <.L5>:
     b58:	41 e0       	ldi	r20, 0x01	; 1
     b5a:	65 e0       	ldi	r22, 0x05	; 5
     b5c:	80 e0       	ldi	r24, 0x00	; 0
     b5e:	0e 94 99 08 	call	0x1132	; 0x1132 <DIO_SetPinValue>
     b62:	40 e0       	ldi	r20, 0x00	; 0
     b64:	66 e0       	ldi	r22, 0x06	; 6
     b66:	80 e0       	ldi	r24, 0x00	; 0
     b68:	0e 94 99 08 	call	0x1132	; 0x1132 <DIO_SetPinValue>
     b6c:	69 81       	ldd	r22, Y+1	; 0x01
     b6e:	82 e0       	ldi	r24, 0x02	; 2
     b70:	0e 94 f8 08 	call	0x11f0	; 0x11f0 <DIO_SetGroupValue>
     b74:	41 e0       	ldi	r20, 0x01	; 1
     b76:	67 e0       	ldi	r22, 0x07	; 7
     b78:	80 e0       	ldi	r24, 0x00	; 0
     b7a:	0e 94 99 08 	call	0x1132	; 0x1132 <DIO_SetPinValue>
     b7e:	8f ec       	ldi	r24, 0xCF	; 207
     b80:	97 e0       	ldi	r25, 0x07	; 7

00000b82 <.L1^B5>:
     b82:	01 97       	sbiw	r24, 0x01	; 1
     b84:	f1 f7       	brne	.-4      	; 0xb82 <.L1^B5>
     b86:	00 c0       	rjmp	.+0      	; 0xb88 <L0^A>

00000b88 <L0^A>:
     b88:	00 00       	nop
     b8a:	40 e0       	ldi	r20, 0x00	; 0
     b8c:	67 e0       	ldi	r22, 0x07	; 7
     b8e:	80 e0       	ldi	r24, 0x00	; 0
     b90:	0f 90       	pop	r0
     b92:	df 91       	pop	r29
     b94:	cf 91       	pop	r28
     b96:	0c 94 99 08 	jmp	0x1132	; 0x1132 <DIO_SetPinValue>

00000b9a <LCD_WriteInstruction>:
     b9a:	cf 93       	push	r28
     b9c:	df 93       	push	r29
     b9e:	0f 92       	push	r0
     ba0:	cd b7       	in	r28, 0x3d	; 61
     ba2:	de b7       	in	r29, 0x3e	; 62
     ba4:	89 83       	std	Y+1, r24	; 0x01
     ba6:	61 30       	cpi	r22, 0x01	; 1
     ba8:	81 f1       	breq	.+96     	; 0xc0a <.L9>
     baa:	58 f5       	brcc	.+86     	; 0xc02 <.L6>
     bac:	c0 98       	cbi	0x18, 0	; 24
     bae:	c1 98       	cbi	0x18, 1	; 24
     bb0:	88 b3       	in	r24, 0x18	; 24
     bb2:	8f 70       	andi	r24, 0x0F	; 15
     bb4:	99 81       	ldd	r25, Y+1	; 0x01
     bb6:	90 7f       	andi	r25, 0xF0	; 240
     bb8:	89 2b       	or	r24, r25
     bba:	88 bb       	out	0x18, r24	; 24
     bbc:	c2 9a       	sbi	0x18, 2	; 24
     bbe:	8f ec       	ldi	r24, 0xCF	; 207
     bc0:	97 e0       	ldi	r25, 0x07	; 7

00000bc2 <.L1^B6>:
     bc2:	01 97       	sbiw	r24, 0x01	; 1
     bc4:	f1 f7       	brne	.-4      	; 0xbc2 <.L1^B6>
     bc6:	00 c0       	rjmp	.+0      	; 0xbc8 <L0^A>

00000bc8 <L0^A>:
     bc8:	00 00       	nop
     bca:	c2 98       	cbi	0x18, 2	; 24
     bcc:	8f ec       	ldi	r24, 0xCF	; 207
     bce:	97 e0       	ldi	r25, 0x07	; 7

00000bd0 <.L1^B7>:
     bd0:	01 97       	sbiw	r24, 0x01	; 1
     bd2:	f1 f7       	brne	.-4      	; 0xbd0 <.L1^B7>
     bd4:	00 c0       	rjmp	.+0      	; 0xbd6 <L0^A>

00000bd6 <L0^A>:
     bd6:	00 00       	nop
     bd8:	98 b3       	in	r25, 0x18	; 24
     bda:	89 81       	ldd	r24, Y+1	; 0x01
     bdc:	82 95       	swap	r24
     bde:	80 7f       	andi	r24, 0xF0	; 240
     be0:	9f 70       	andi	r25, 0x0F	; 15
     be2:	89 2b       	or	r24, r25
     be4:	88 bb       	out	0x18, r24	; 24
     be6:	c2 9a       	sbi	0x18, 2	; 24
     be8:	8f ec       	ldi	r24, 0xCF	; 207
     bea:	97 e0       	ldi	r25, 0x07	; 7

00000bec <.L1^B8>:
     bec:	01 97       	sbiw	r24, 0x01	; 1
     bee:	f1 f7       	brne	.-4      	; 0xbec <.L1^B8>
     bf0:	00 c0       	rjmp	.+0      	; 0xbf2 <L0^A>

00000bf2 <L0^A>:
     bf2:	00 00       	nop
     bf4:	c2 98       	cbi	0x18, 2	; 24
     bf6:	8f e9       	ldi	r24, 0x9F	; 159
     bf8:	9f e0       	ldi	r25, 0x0F	; 15

00000bfa <.L1^B9>:
     bfa:	01 97       	sbiw	r24, 0x01	; 1
     bfc:	f1 f7       	brne	.-4      	; 0xbfa <.L1^B9>
     bfe:	00 c0       	rjmp	.+0      	; 0xc00 <L0^A>

00000c00 <L0^A>:
	...

00000c02 <.L6>:
     c02:	0f 90       	pop	r0
     c04:	df 91       	pop	r29
     c06:	cf 91       	pop	r28
     c08:	08 95       	ret

00000c0a <.L9>:
     c0a:	40 e0       	ldi	r20, 0x00	; 0
     c0c:	65 e0       	ldi	r22, 0x05	; 5
     c0e:	80 e0       	ldi	r24, 0x00	; 0
     c10:	0e 94 99 08 	call	0x1132	; 0x1132 <DIO_SetPinValue>
     c14:	40 e0       	ldi	r20, 0x00	; 0
     c16:	66 e0       	ldi	r22, 0x06	; 6
     c18:	80 e0       	ldi	r24, 0x00	; 0
     c1a:	0e 94 99 08 	call	0x1132	; 0x1132 <DIO_SetPinValue>
     c1e:	69 81       	ldd	r22, Y+1	; 0x01
     c20:	82 e0       	ldi	r24, 0x02	; 2
     c22:	0e 94 f8 08 	call	0x11f0	; 0x11f0 <DIO_SetGroupValue>
     c26:	41 e0       	ldi	r20, 0x01	; 1
     c28:	67 e0       	ldi	r22, 0x07	; 7
     c2a:	80 e0       	ldi	r24, 0x00	; 0
     c2c:	0e 94 99 08 	call	0x1132	; 0x1132 <DIO_SetPinValue>
     c30:	8f ec       	ldi	r24, 0xCF	; 207
     c32:	97 e0       	ldi	r25, 0x07	; 7

00000c34 <.L1^B10>:
     c34:	01 97       	sbiw	r24, 0x01	; 1
     c36:	f1 f7       	brne	.-4      	; 0xc34 <.L1^B10>
     c38:	00 c0       	rjmp	.+0      	; 0xc3a <L0^A>

00000c3a <L0^A>:
     c3a:	00 00       	nop
     c3c:	40 e0       	ldi	r20, 0x00	; 0
     c3e:	67 e0       	ldi	r22, 0x07	; 7
     c40:	80 e0       	ldi	r24, 0x00	; 0
     c42:	0f 90       	pop	r0
     c44:	df 91       	pop	r29
     c46:	cf 91       	pop	r28
     c48:	0c 94 99 08 	jmp	0x1132	; 0x1132 <DIO_SetPinValue>

00000c4c <LCD_Init>:
     c4c:	81 30       	cpi	r24, 0x01	; 1
     c4e:	09 f4       	brne	.+2      	; 0xc52 <L0^A+0x2>

00000c50 <L0^A>:
     c50:	6a c0       	rjmp	.+212    	; 0xd26 <.L13>
     c52:	08 f0       	brcs	.+2      	; 0xc56 <.L14>
     c54:	08 95       	ret

00000c56 <.L14>:
     c56:	41 e0       	ldi	r20, 0x01	; 1
     c58:	65 e0       	ldi	r22, 0x05	; 5
     c5a:	0e 94 27 08 	call	0x104e	; 0x104e <DIO_SetPinDirection>
     c5e:	41 e0       	ldi	r20, 0x01	; 1
     c60:	66 e0       	ldi	r22, 0x06	; 6
     c62:	80 e0       	ldi	r24, 0x00	; 0
     c64:	0e 94 27 08 	call	0x104e	; 0x104e <DIO_SetPinDirection>
     c68:	41 e0       	ldi	r20, 0x01	; 1
     c6a:	67 e0       	ldi	r22, 0x07	; 7
     c6c:	80 e0       	ldi	r24, 0x00	; 0
     c6e:	0e 94 27 08 	call	0x104e	; 0x104e <DIO_SetPinDirection>
     c72:	41 e0       	ldi	r20, 0x01	; 1
     c74:	64 e0       	ldi	r22, 0x04	; 4
     c76:	82 e0       	ldi	r24, 0x02	; 2
     c78:	0e 94 27 08 	call	0x104e	; 0x104e <DIO_SetPinDirection>
     c7c:	41 e0       	ldi	r20, 0x01	; 1
     c7e:	65 e0       	ldi	r22, 0x05	; 5
     c80:	82 e0       	ldi	r24, 0x02	; 2
     c82:	0e 94 27 08 	call	0x104e	; 0x104e <DIO_SetPinDirection>
     c86:	41 e0       	ldi	r20, 0x01	; 1
     c88:	66 e0       	ldi	r22, 0x06	; 6
     c8a:	82 e0       	ldi	r24, 0x02	; 2
     c8c:	0e 94 27 08 	call	0x104e	; 0x104e <DIO_SetPinDirection>
     c90:	41 e0       	ldi	r20, 0x01	; 1
     c92:	67 e0       	ldi	r22, 0x07	; 7
     c94:	82 e0       	ldi	r24, 0x02	; 2
     c96:	0e 94 27 08 	call	0x104e	; 0x104e <DIO_SetPinDirection>
     c9a:	9f eb       	ldi	r25, 0xBF	; 191
     c9c:	2a ed       	ldi	r18, 0xDA	; 218
     c9e:	80 e0       	ldi	r24, 0x00	; 0

00000ca0 <.L1^B11>:
     ca0:	91 50       	subi	r25, 0x01	; 1
     ca2:	20 40       	sbci	r18, 0x00	; 0
     ca4:	80 40       	sbci	r24, 0x00	; 0
     ca6:	e1 f7       	brne	.-8      	; 0xca0 <.L1^B11>
     ca8:	00 c0       	rjmp	.+0      	; 0xcaa <L0^A>

00000caa <L0^A>:
     caa:	00 00       	nop
     cac:	60 e0       	ldi	r22, 0x00	; 0
     cae:	83 e3       	ldi	r24, 0x33	; 51
     cb0:	0e 94 cd 05 	call	0xb9a	; 0xb9a <LCD_WriteInstruction>
     cb4:	8f e0       	ldi	r24, 0x0F	; 15
     cb6:	97 e2       	ldi	r25, 0x27	; 39

00000cb8 <.L1^B12>:
     cb8:	01 97       	sbiw	r24, 0x01	; 1
     cba:	f1 f7       	brne	.-4      	; 0xcb8 <.L1^B12>
     cbc:	00 c0       	rjmp	.+0      	; 0xcbe <L0^A>

00000cbe <L0^A>:
     cbe:	00 00       	nop
     cc0:	60 e0       	ldi	r22, 0x00	; 0
     cc2:	82 e3       	ldi	r24, 0x32	; 50
     cc4:	0e 94 cd 05 	call	0xb9a	; 0xb9a <LCD_WriteInstruction>
     cc8:	8f ec       	ldi	r24, 0xCF	; 207
     cca:	97 e0       	ldi	r25, 0x07	; 7

00000ccc <.L1^B13>:
     ccc:	01 97       	sbiw	r24, 0x01	; 1
     cce:	f1 f7       	brne	.-4      	; 0xccc <.L1^B13>
     cd0:	00 c0       	rjmp	.+0      	; 0xcd2 <L0^A>

00000cd2 <L0^A>:
     cd2:	00 00       	nop
     cd4:	60 e0       	ldi	r22, 0x00	; 0
     cd6:	88 e2       	ldi	r24, 0x28	; 40
     cd8:	0e 94 cd 05 	call	0xb9a	; 0xb9a <LCD_WriteInstruction>
     cdc:	8f ec       	ldi	r24, 0xCF	; 207
     cde:	97 e0       	ldi	r25, 0x07	; 7

00000ce0 <.L1^B14>:
     ce0:	01 97       	sbiw	r24, 0x01	; 1
     ce2:	f1 f7       	brne	.-4      	; 0xce0 <.L1^B14>
     ce4:	00 c0       	rjmp	.+0      	; 0xce6 <L0^A>

00000ce6 <L0^A>:
     ce6:	00 00       	nop
     ce8:	60 e0       	ldi	r22, 0x00	; 0
     cea:	86 e0       	ldi	r24, 0x06	; 6
     cec:	0e 94 cd 05 	call	0xb9a	; 0xb9a <LCD_WriteInstruction>
     cf0:	8f ec       	ldi	r24, 0xCF	; 207
     cf2:	97 e0       	ldi	r25, 0x07	; 7

00000cf4 <.L1^B15>:
     cf4:	01 97       	sbiw	r24, 0x01	; 1
     cf6:	f1 f7       	brne	.-4      	; 0xcf4 <.L1^B15>
     cf8:	00 c0       	rjmp	.+0      	; 0xcfa <L0^A>

00000cfa <L0^A>:
     cfa:	00 00       	nop
     cfc:	60 e0       	ldi	r22, 0x00	; 0
     cfe:	81 e0       	ldi	r24, 0x01	; 1
     d00:	0e 94 cd 05 	call	0xb9a	; 0xb9a <LCD_WriteInstruction>
     d04:	8f e9       	ldi	r24, 0x9F	; 159
     d06:	9f e0       	ldi	r25, 0x0F	; 15

00000d08 <.L1^B16>:
     d08:	01 97       	sbiw	r24, 0x01	; 1
     d0a:	f1 f7       	brne	.-4      	; 0xd08 <.L1^B16>
     d0c:	00 c0       	rjmp	.+0      	; 0xd0e <L0^A>

00000d0e <L0^A>:
     d0e:	00 00       	nop
     d10:	60 e0       	ldi	r22, 0x00	; 0
     d12:	84 e0       	ldi	r24, 0x04	; 4
     d14:	0e 94 cd 05 	call	0xb9a	; 0xb9a <LCD_WriteInstruction>
     d18:	8f ec       	ldi	r24, 0xCF	; 207
     d1a:	97 e0       	ldi	r25, 0x07	; 7

00000d1c <.L1^B17>:
     d1c:	01 97       	sbiw	r24, 0x01	; 1
     d1e:	f1 f7       	brne	.-4      	; 0xd1c <.L1^B17>
     d20:	00 c0       	rjmp	.+0      	; 0xd22 <L0^A>

00000d22 <L0^A>:
     d22:	00 00       	nop
     d24:	08 95       	ret

00000d26 <.L13>:
     d26:	41 e0       	ldi	r20, 0x01	; 1
     d28:	65 e0       	ldi	r22, 0x05	; 5
     d2a:	80 e0       	ldi	r24, 0x00	; 0
     d2c:	0e 94 27 08 	call	0x104e	; 0x104e <DIO_SetPinDirection>
     d30:	41 e0       	ldi	r20, 0x01	; 1
     d32:	66 e0       	ldi	r22, 0x06	; 6
     d34:	80 e0       	ldi	r24, 0x00	; 0
     d36:	0e 94 27 08 	call	0x104e	; 0x104e <DIO_SetPinDirection>
     d3a:	41 e0       	ldi	r20, 0x01	; 1
     d3c:	67 e0       	ldi	r22, 0x07	; 7
     d3e:	80 e0       	ldi	r24, 0x00	; 0
     d40:	0e 94 27 08 	call	0x104e	; 0x104e <DIO_SetPinDirection>
     d44:	6f ef       	ldi	r22, 0xFF	; 255
     d46:	82 e0       	ldi	r24, 0x02	; 2
     d48:	0e 94 89 08 	call	0x1112	; 0x1112 <DIO_SetGroupDirection>
     d4c:	2f eb       	ldi	r18, 0xBF	; 191
     d4e:	8a ed       	ldi	r24, 0xDA	; 218
     d50:	90 e0       	ldi	r25, 0x00	; 0

00000d52 <.L1^B18>:
     d52:	21 50       	subi	r18, 0x01	; 1
     d54:	80 40       	sbci	r24, 0x00	; 0
     d56:	90 40       	sbci	r25, 0x00	; 0
     d58:	e1 f7       	brne	.-8      	; 0xd52 <.L1^B18>
     d5a:	00 c0       	rjmp	.+0      	; 0xd5c <L0^A>

00000d5c <L0^A>:
     d5c:	00 00       	nop
     d5e:	61 e0       	ldi	r22, 0x01	; 1
     d60:	88 e3       	ldi	r24, 0x38	; 56
     d62:	0e 94 cd 05 	call	0xb9a	; 0xb9a <LCD_WriteInstruction>
     d66:	8f ec       	ldi	r24, 0xCF	; 207
     d68:	97 e0       	ldi	r25, 0x07	; 7

00000d6a <.L1^B19>:
     d6a:	01 97       	sbiw	r24, 0x01	; 1
     d6c:	f1 f7       	brne	.-4      	; 0xd6a <.L1^B19>
     d6e:	00 c0       	rjmp	.+0      	; 0xd70 <L0^A>

00000d70 <L0^A>:
     d70:	00 00       	nop
     d72:	61 e0       	ldi	r22, 0x01	; 1
     d74:	8c e0       	ldi	r24, 0x0C	; 12
     d76:	0e 94 cd 05 	call	0xb9a	; 0xb9a <LCD_WriteInstruction>
     d7a:	8f ec       	ldi	r24, 0xCF	; 207
     d7c:	97 e0       	ldi	r25, 0x07	; 7

00000d7e <.L1^B20>:
     d7e:	01 97       	sbiw	r24, 0x01	; 1
     d80:	f1 f7       	brne	.-4      	; 0xd7e <.L1^B20>
     d82:	00 c0       	rjmp	.+0      	; 0xd84 <L0^A>

00000d84 <L0^A>:
     d84:	00 00       	nop
     d86:	61 e0       	ldi	r22, 0x01	; 1
     d88:	81 e0       	ldi	r24, 0x01	; 1
     d8a:	0e 94 cd 05 	call	0xb9a	; 0xb9a <LCD_WriteInstruction>
     d8e:	8f e9       	ldi	r24, 0x9F	; 159
     d90:	9f e0       	ldi	r25, 0x0F	; 15

00000d92 <.L1^B21>:
     d92:	01 97       	sbiw	r24, 0x01	; 1
     d94:	f1 f7       	brne	.-4      	; 0xd92 <.L1^B21>
     d96:	00 c0       	rjmp	.+0      	; 0xd98 <L0^A>

00000d98 <L0^A>:
     d98:	00 00       	nop
     d9a:	61 e0       	ldi	r22, 0x01	; 1
     d9c:	86 e0       	ldi	r24, 0x06	; 6
     d9e:	0e 94 cd 05 	call	0xb9a	; 0xb9a <LCD_WriteInstruction>
     da2:	8f ec       	ldi	r24, 0xCF	; 207
     da4:	97 e0       	ldi	r25, 0x07	; 7

00000da6 <.L1^B22>:
     da6:	01 97       	sbiw	r24, 0x01	; 1
     da8:	f1 f7       	brne	.-4      	; 0xda6 <.L1^B22>
     daa:	00 c0       	rjmp	.+0      	; 0xdac <L0^A>

00000dac <L0^A>:
     dac:	00 00       	nop
     dae:	08 95       	ret

00000db0 <LCD_WriteString>:
     db0:	0f 93       	push	r16
     db2:	1f 93       	push	r17
     db4:	cf 93       	push	r28
     db6:	df 93       	push	r29
     db8:	00 d0       	rcall	.+0      	; 0xdba <L0^A>

00000dba <L0^A>:
     dba:	cd b7       	in	r28, 0x3d	; 61
     dbc:	de b7       	in	r29, 0x3e	; 62
     dbe:	8c 01       	movw	r16, r24
     dc0:	69 83       	std	Y+1, r22	; 0x01
     dc2:	00 97       	sbiw	r24, 0x00	; 0
     dc4:	91 f0       	breq	.+36     	; 0xdea <.L15>
     dc6:	fc 01       	movw	r30, r24
     dc8:	80 81       	ld	r24, Z
     dca:	81 15       	cp	r24, r1
     dcc:	71 f0       	breq	.+28     	; 0xdea <.L15>
     dce:	1a 82       	std	Y+2, r1	; 0x02

00000dd0 <.L17>:
     dd0:	69 81       	ldd	r22, Y+1	; 0x01
     dd2:	0e 94 74 05 	call	0xae8	; 0xae8 <LCD_WriteData>
     dd6:	fa 81       	ldd	r31, Y+2	; 0x02
     dd8:	ff 5f       	subi	r31, 0xFF	; 255
     dda:	fa 83       	std	Y+2, r31	; 0x02
     ddc:	f8 01       	movw	r30, r16
     dde:	8a 81       	ldd	r24, Y+2	; 0x02
     de0:	e8 0f       	add	r30, r24
     de2:	f1 1d       	adc	r31, r1
     de4:	80 81       	ld	r24, Z
     de6:	81 11       	cpse	r24, r1
     de8:	f3 cf       	rjmp	.-26     	; 0xdd0 <.L17>

00000dea <.L15>:
     dea:	0f 90       	pop	r0
     dec:	0f 90       	pop	r0
     dee:	df 91       	pop	r29
     df0:	cf 91       	pop	r28
     df2:	1f 91       	pop	r17
     df4:	0f 91       	pop	r16
     df6:	08 95       	ret

00000df8 <LCD_GotoXY>:
     df8:	81 30       	cpi	r24, 0x01	; 1
     dfa:	80 f0       	brcs	.+32     	; 0xe1c <.L26>
     dfc:	69 f4       	brne	.+26     	; 0xe18 <.L29>
     dfe:	80 e4       	ldi	r24, 0x40	; 64
     e00:	86 0f       	add	r24, r22
     e02:	80 68       	ori	r24, 0x80	; 128

00000e04 <.L28>:
     e04:	64 2f       	mov	r22, r20
     e06:	0e 94 cd 05 	call	0xb9a	; 0xb9a <LCD_WriteInstruction>
     e0a:	8f ec       	ldi	r24, 0xCF	; 207
     e0c:	97 e0       	ldi	r25, 0x07	; 7

00000e0e <.L1^B23>:
     e0e:	01 97       	sbiw	r24, 0x01	; 1
     e10:	f1 f7       	brne	.-4      	; 0xe0e <.L1^B23>
     e12:	00 c0       	rjmp	.+0      	; 0xe14 <L0^A>

00000e14 <L0^A>:
     e14:	00 00       	nop
     e16:	08 95       	ret

00000e18 <.L29>:
     e18:	80 e8       	ldi	r24, 0x80	; 128
     e1a:	f4 cf       	rjmp	.-24     	; 0xe04 <.L28>

00000e1c <.L26>:
     e1c:	86 2f       	mov	r24, r22
     e1e:	80 68       	ori	r24, 0x80	; 128
     e20:	f1 cf       	rjmp	.-30     	; 0xe04 <.L28>

00000e22 <LCD_Clear>:
     e22:	68 2f       	mov	r22, r24
     e24:	81 e0       	ldi	r24, 0x01	; 1
     e26:	0e 94 cd 05 	call	0xb9a	; 0xb9a <LCD_WriteInstruction>
     e2a:	8f e9       	ldi	r24, 0x9F	; 159
     e2c:	9f e0       	ldi	r25, 0x0F	; 15

00000e2e <.L1^B24>:
     e2e:	01 97       	sbiw	r24, 0x01	; 1
     e30:	f1 f7       	brne	.-4      	; 0xe2e <.L1^B24>
     e32:	00 c0       	rjmp	.+0      	; 0xe34 <L0^A>

00000e34 <L0^A>:
     e34:	00 00       	nop
     e36:	08 95       	ret

00000e38 <LCD_WriteNumber>:
     e38:	4f 92       	push	r4
     e3a:	5f 92       	push	r5
     e3c:	6f 92       	push	r6
     e3e:	7f 92       	push	r7
     e40:	8f 92       	push	r8
     e42:	9f 92       	push	r9
     e44:	af 92       	push	r10
     e46:	bf 92       	push	r11
     e48:	cf 92       	push	r12
     e4a:	df 92       	push	r13
     e4c:	ef 92       	push	r14
     e4e:	ff 92       	push	r15
     e50:	0f 93       	push	r16
     e52:	1f 93       	push	r17
     e54:	cf 93       	push	r28
     e56:	df 93       	push	r29
     e58:	cd b7       	in	r28, 0x3d	; 61
     e5a:	de b7       	in	r29, 0x3e	; 62
     e5c:	2b 97       	sbiw	r28, 0x0b	; 11
     e5e:	0f b6       	in	r0, 0x3f	; 63
     e60:	f8 94       	cli
     e62:	de bf       	out	0x3e, r29	; 62
     e64:	0f be       	out	0x3f, r0	; 63
     e66:	cd bf       	out	0x3d, r28	; 61
     e68:	6b 01       	movw	r12, r22
     e6a:	7c 01       	movw	r14, r24
     e6c:	4b 87       	std	Y+11, r20	; 0x0b
     e6e:	c1 14       	cp	r12, r1
     e70:	d1 04       	cpc	r13, r1
     e72:	e1 04       	cpc	r14, r1
     e74:	f1 04       	cpc	r15, r1
     e76:	09 f4       	brne	.+2      	; 0xe7a <L0^A+0x2>

00000e78 <L0^A>:
     e78:	51 c0       	rjmp	.+162    	; 0xf1c <.L38>
     e7a:	64 f4       	brge	.+24     	; 0xe94 <.L33>
     e7c:	6b 85       	ldd	r22, Y+11	; 0x0b
     e7e:	8d e2       	ldi	r24, 0x2D	; 45
     e80:	0e 94 74 05 	call	0xae8	; 0xae8 <LCD_WriteData>
     e84:	f0 94       	com	r15
     e86:	e0 94       	com	r14
     e88:	d0 94       	com	r13
     e8a:	c0 94       	com	r12
     e8c:	c1 1c       	adc	r12, r1
     e8e:	d1 1c       	adc	r13, r1
     e90:	e1 1c       	adc	r14, r1
     e92:	f1 1c       	adc	r15, r1

00000e94 <.L33>:
     e94:	4e 01       	movw	r8, r28
     e96:	8f ef       	ldi	r24, 0xFF	; 255
     e98:	88 1a       	sub	r8, r24
     e9a:	98 0a       	sbc	r9, r24
     e9c:	54 01       	movw	r10, r8
     e9e:	00 e0       	ldi	r16, 0x00	; 0
     ea0:	10 e0       	ldi	r17, 0x00	; 0
     ea2:	38 01       	movw	r6, r16
     ea4:	8a e0       	ldi	r24, 0x0A	; 10
     ea6:	48 2e       	mov	r4, r24
     ea8:	51 2c       	mov	r5, r1

00000eaa <.L34>:
     eaa:	b6 01       	movw	r22, r12
     eac:	c7 01       	movw	r24, r14
     eae:	92 01       	movw	r18, r4
     eb0:	a3 01       	movw	r20, r6
     eb2:	0e 94 50 0b 	call	0x16a0	; 0x16a0 <__divmodsi4>
     eb6:	60 5d       	subi	r22, 0xD0	; 208
     eb8:	f5 01       	movw	r30, r10
     eba:	61 93       	st	Z+, r22
     ebc:	5f 01       	movw	r10, r30
     ebe:	69 01       	movw	r12, r18
     ec0:	7a 01       	movw	r14, r20
     ec2:	c8 01       	movw	r24, r16
     ec4:	0f 5f       	subi	r16, 0xFF	; 255
     ec6:	1f 4f       	sbci	r17, 0xFF	; 255
     ec8:	c1 14       	cp	r12, r1
     eca:	d1 04       	cpc	r13, r1
     ecc:	e1 04       	cpc	r14, r1
     ece:	f1 04       	cpc	r15, r1
     ed0:	61 f7       	brne	.-40     	; 0xeaa <.L34>
     ed2:	84 01       	movw	r16, r8
     ed4:	0f 5f       	subi	r16, 0xFF	; 255
     ed6:	1f 4f       	sbci	r17, 0xFF	; 255
     ed8:	08 0f       	add	r16, r24
     eda:	19 1f       	adc	r17, r25

00000edc <.L35>:
     edc:	6b 85       	ldd	r22, Y+11	; 0x0b
     ede:	f8 01       	movw	r30, r16
     ee0:	82 91       	ld	r24, -Z
     ee2:	8f 01       	movw	r16, r30
     ee4:	0e 94 74 05 	call	0xae8	; 0xae8 <LCD_WriteData>
     ee8:	80 16       	cp	r8, r16
     eea:	91 06       	cpc	r9, r17
     eec:	b9 f7       	brne	.-18     	; 0xedc <.L35>
     eee:	2b 96       	adiw	r28, 0x0b	; 11
     ef0:	0f b6       	in	r0, 0x3f	; 63
     ef2:	f8 94       	cli
     ef4:	de bf       	out	0x3e, r29	; 62
     ef6:	0f be       	out	0x3f, r0	; 63
     ef8:	cd bf       	out	0x3d, r28	; 61
     efa:	df 91       	pop	r29
     efc:	cf 91       	pop	r28
     efe:	1f 91       	pop	r17
     f00:	0f 91       	pop	r16
     f02:	ff 90       	pop	r15
     f04:	ef 90       	pop	r14
     f06:	df 90       	pop	r13
     f08:	cf 90       	pop	r12
     f0a:	bf 90       	pop	r11
     f0c:	af 90       	pop	r10
     f0e:	9f 90       	pop	r9
     f10:	8f 90       	pop	r8
     f12:	7f 90       	pop	r7
     f14:	6f 90       	pop	r6
     f16:	5f 90       	pop	r5
     f18:	4f 90       	pop	r4
     f1a:	08 95       	ret

00000f1c <.L38>:
     f1c:	64 2f       	mov	r22, r20
     f1e:	80 e3       	ldi	r24, 0x30	; 48
     f20:	2b 96       	adiw	r28, 0x0b	; 11
     f22:	0f b6       	in	r0, 0x3f	; 63
     f24:	f8 94       	cli
     f26:	de bf       	out	0x3e, r29	; 62
     f28:	0f be       	out	0x3f, r0	; 63
     f2a:	cd bf       	out	0x3d, r28	; 61
     f2c:	df 91       	pop	r29
     f2e:	cf 91       	pop	r28
     f30:	1f 91       	pop	r17
     f32:	0f 91       	pop	r16
     f34:	ff 90       	pop	r15
     f36:	ef 90       	pop	r14
     f38:	df 90       	pop	r13
     f3a:	cf 90       	pop	r12
     f3c:	bf 90       	pop	r11
     f3e:	af 90       	pop	r10
     f40:	9f 90       	pop	r9
     f42:	8f 90       	pop	r8
     f44:	7f 90       	pop	r7
     f46:	6f 90       	pop	r6
     f48:	5f 90       	pop	r5
     f4a:	4f 90       	pop	r4
     f4c:	0c 94 74 05 	jmp	0xae8	; 0xae8 <LCD_WriteData>

00000f50 <LED_Init>:
     f50:	41 e0       	ldi	r20, 0x01	; 1
     f52:	0c 94 27 08 	jmp	0x104e	; 0x104e <DIO_SetPinDirection>

00000f56 <LED_On>:
     f56:	41 30       	cpi	r20, 0x01	; 1
     f58:	11 f0       	breq	.+4      	; 0xf5e <.L6>
     f5a:	08 f0       	brcs	.+2      	; 0xf5e <.L6>
     f5c:	08 95       	ret

00000f5e <.L6>:
     f5e:	0c 94 99 08 	jmp	0x1132	; 0x1132 <DIO_SetPinValue>

00000f62 <LED_Off>:
     f62:	41 30       	cpi	r20, 0x01	; 1
     f64:	29 f0       	breq	.+10     	; 0xf70 <.L10>
     f66:	08 f0       	brcs	.+2      	; 0xf6a <.L11>
     f68:	08 95       	ret

00000f6a <.L11>:
     f6a:	41 e0       	ldi	r20, 0x01	; 1
     f6c:	0c 94 99 08 	jmp	0x1132	; 0x1132 <DIO_SetPinValue>

00000f70 <.L10>:
     f70:	40 e0       	ldi	r20, 0x00	; 0
     f72:	0c 94 99 08 	jmp	0x1132	; 0x1132 <DIO_SetPinValue>

00000f76 <LED_Toggle>:
     f76:	0c 94 38 09 	jmp	0x1270	; 0x1270 <DIO_TogglePin>

00000f7a <Relay_Init>:
     f7a:	cf 93       	push	r28
     f7c:	df 93       	push	r29
     f7e:	00 d0       	rcall	.+0      	; 0xf80 <L0^A>

00000f80 <L0^A>:
     f80:	cd b7       	in	r28, 0x3d	; 61
     f82:	de b7       	in	r29, 0x3e	; 62
     f84:	89 83       	std	Y+1, r24	; 0x01
     f86:	6a 83       	std	Y+2, r22	; 0x02
     f88:	41 e0       	ldi	r20, 0x01	; 1
     f8a:	0e 94 27 08 	call	0x104e	; 0x104e <DIO_SetPinDirection>
     f8e:	40 e0       	ldi	r20, 0x00	; 0
     f90:	6a 81       	ldd	r22, Y+2	; 0x02
     f92:	89 81       	ldd	r24, Y+1	; 0x01
     f94:	0f 90       	pop	r0
     f96:	0f 90       	pop	r0
     f98:	df 91       	pop	r29
     f9a:	cf 91       	pop	r28
     f9c:	0c 94 99 08 	jmp	0x1132	; 0x1132 <DIO_SetPinValue>

00000fa0 <Relay_TurnOn>:
     fa0:	41 e0       	ldi	r20, 0x01	; 1
     fa2:	0c 94 99 08 	jmp	0x1132	; 0x1132 <DIO_SetPinValue>

00000fa6 <Relay_TurnOff>:
     fa6:	40 e0       	ldi	r20, 0x00	; 0
     fa8:	0c 94 99 08 	jmp	0x1132	; 0x1132 <DIO_SetPinValue>

00000fac <Relay_Toggle>:
     fac:	0c 94 38 09 	jmp	0x1270	; 0x1270 <DIO_TogglePin>

00000fb0 <ADC_Init>:
     fb0:	cf 93       	push	r28
     fb2:	df 93       	push	r29
     fb4:	00 d0       	rcall	.+0      	; 0xfb6 <L0^A>

00000fb6 <L0^A>:
     fb6:	00 d0       	rcall	.+0      	; 0xfb8 <L0^A>

00000fb8 <L0^A>:
     fb8:	0f 92       	push	r0
     fba:	cd b7       	in	r28, 0x3d	; 61
     fbc:	de b7       	in	r29, 0x3e	; 62
     fbe:	49 83       	std	Y+1, r20	; 0x01
     fc0:	5a 83       	std	Y+2, r21	; 0x02
     fc2:	6b 83       	std	Y+3, r22	; 0x03
     fc4:	7c 83       	std	Y+4, r23	; 0x04
     fc6:	28 2f       	mov	r18, r24
     fc8:	8d 83       	std	Y+5, r24	; 0x05
     fca:	41 30       	cpi	r20, 0x01	; 1
     fcc:	d0 f4       	brcc	.+52     	; 0x1002 <.L2>
     fce:	3f 98       	cbi	0x07, 7	; 7
     fd0:	3e 98       	cbi	0x07, 6	; 7

00000fd2 <.L3>:
     fd2:	51 30       	cpi	r21, 0x01	; 1
     fd4:	e9 f0       	breq	.+58     	; 0x1010 <.L12>

00000fd6 <.L5>:
     fd6:	30 f1       	brcs	.+76     	; 0x1024 <.L13>

00000fd8 <.L6>:
     fd8:	71 30       	cpi	r23, 0x01	; 1
     fda:	e9 f0       	breq	.+58     	; 0x1016 <.L14>

00000fdc <.L7>:
     fdc:	08 f1       	brcs	.+66     	; 0x1020 <.L15>

00000fde <.L8>:
     fde:	21 30       	cpi	r18, 0x01	; 1
     fe0:	e9 f0       	breq	.+58     	; 0x101c <.L16>

00000fe2 <.L9>:
     fe2:	08 f4       	brcc	.+2      	; 0xfe6 <.L10>
     fe4:	35 98       	cbi	0x06, 5	; 6

00000fe6 <.L10>:
     fe6:	96 b1       	in	r25, 0x06	; 6
     fe8:	98 7f       	andi	r25, 0xF8	; 248
     fea:	8b 81       	ldd	r24, Y+3	; 0x03
     fec:	89 2b       	or	r24, r25
     fee:	86 b9       	out	0x06, r24	; 6
     ff0:	37 9a       	sbi	0x06, 7	; 6
     ff2:	0f 90       	pop	r0
     ff4:	0f 90       	pop	r0
     ff6:	0f 90       	pop	r0
     ff8:	0f 90       	pop	r0
     ffa:	0f 90       	pop	r0
     ffc:	df 91       	pop	r29
     ffe:	cf 91       	pop	r28
    1000:	08 95       	ret

00001002 <.L2>:
    1002:	91 f0       	breq	.+36     	; 0x1028 <.L17>
    1004:	42 30       	cpi	r20, 0x02	; 2
    1006:	29 f7       	brne	.-54     	; 0xfd2 <.L3>
    1008:	3f 9a       	sbi	0x07, 7	; 7
    100a:	3e 9a       	sbi	0x07, 6	; 7
    100c:	51 30       	cpi	r21, 0x01	; 1
    100e:	19 f7       	brne	.-58     	; 0xfd6 <.L5>

00001010 <.L12>:
    1010:	3d 9a       	sbi	0x07, 5	; 7
    1012:	71 30       	cpi	r23, 0x01	; 1
    1014:	19 f7       	brne	.-58     	; 0xfdc <.L7>

00001016 <.L14>:
    1016:	33 9a       	sbi	0x06, 3	; 6
    1018:	21 30       	cpi	r18, 0x01	; 1
    101a:	19 f7       	brne	.-58     	; 0xfe2 <.L9>

0000101c <.L16>:
    101c:	35 9a       	sbi	0x06, 5	; 6
    101e:	e3 cf       	rjmp	.-58     	; 0xfe6 <.L10>

00001020 <.L15>:
    1020:	33 98       	cbi	0x06, 3	; 6
    1022:	dd cf       	rjmp	.-70     	; 0xfde <.L8>

00001024 <.L13>:
    1024:	3d 98       	cbi	0x07, 5	; 7
    1026:	d8 cf       	rjmp	.-80     	; 0xfd8 <.L6>

00001028 <.L17>:
    1028:	3f 98       	cbi	0x07, 7	; 7
    102a:	3e 9a       	sbi	0x07, 6	; 7
    102c:	d2 cf       	rjmp	.-92     	; 0xfd2 <.L3>

0000102e <ADC_StartConversion>:
    102e:	97 b1       	in	r25, 0x07	; 7
    1030:	90 7e       	andi	r25, 0xE0	; 224
    1032:	89 2b       	or	r24, r25
    1034:	87 b9       	out	0x07, r24	; 7
    1036:	36 9a       	sbi	0x06, 6	; 6
    1038:	08 95       	ret

0000103a <ADC_GetValue>:
    103a:	97 b1       	in	r25, 0x07	; 7
    103c:	90 7e       	andi	r25, 0xE0	; 224
    103e:	89 2b       	or	r24, r25
    1040:	87 b9       	out	0x07, r24	; 7
    1042:	36 9a       	sbi	0x06, 6	; 6
    1044:	86 b1       	in	r24, 0x06	; 6
    1046:	34 9a       	sbi	0x06, 4	; 6
    1048:	84 b1       	in	r24, 0x04	; 4
    104a:	95 b1       	in	r25, 0x05	; 5
    104c:	08 95       	ret

0000104e <DIO_SetPinDirection>:
    104e:	41 30       	cpi	r20, 0x01	; 1
    1050:	f9 f0       	breq	.+62     	; 0x1090 <.L17>
    1052:	e8 f4       	brcc	.+58     	; 0x108e <.L1>
    1054:	82 30       	cpi	r24, 0x02	; 2
    1056:	09 f4       	brne	.+2      	; 0x105a <L0^A+0x2>

00001058 <L0^A>:
    1058:	46 c0       	rjmp	.+140    	; 0x10e6 <.L9>
    105a:	68 f4       	brcc	.+26     	; 0x1076 <.L10>
    105c:	81 15       	cp	r24, r1
    105e:	09 f4       	brne	.+2      	; 0x1062 <L0^A+0x2>

00001060 <L0^A>:
    1060:	4c c0       	rjmp	.+152    	; 0x10fa <.L18>
    1062:	27 b3       	in	r18, 0x17	; 23
    1064:	81 e0       	ldi	r24, 0x01	; 1
    1066:	01 c0       	rjmp	.+2      	; 0x106a <.L2^B1>

00001068 <.L1^B1>:
    1068:	88 0f       	add	r24, r24

0000106a <.L2^B1>:
    106a:	6a 95       	dec	r22
    106c:	ea f7       	brpl	.-6      	; 0x1068 <.L1^B1>
    106e:	80 95       	com	r24
    1070:	82 23       	and	r24, r18
    1072:	87 bb       	out	0x17, r24	; 23
    1074:	08 95       	ret

00001076 <.L10>:
    1076:	83 30       	cpi	r24, 0x03	; 3
    1078:	09 f0       	breq	.+2      	; 0x107c <L0^A+0x2>

0000107a <L0^A>:
    107a:	4a c0       	rjmp	.+148    	; 0x1110 <.L19>
    107c:	21 b3       	in	r18, 0x11	; 17
    107e:	81 e0       	ldi	r24, 0x01	; 1
    1080:	01 c0       	rjmp	.+2      	; 0x1084 <.L2^B2>

00001082 <.L1^B2>:
    1082:	88 0f       	add	r24, r24

00001084 <.L2^B2>:
    1084:	6a 95       	dec	r22
    1086:	ea f7       	brpl	.-6      	; 0x1082 <.L1^B2>
    1088:	80 95       	com	r24
    108a:	82 23       	and	r24, r18
    108c:	81 bb       	out	0x11, r24	; 17

0000108e <.L1>:
    108e:	08 95       	ret

00001090 <.L17>:
    1090:	82 30       	cpi	r24, 0x02	; 2
    1092:	b9 f0       	breq	.+46     	; 0x10c2 <.L3>
    1094:	58 f4       	brcc	.+22     	; 0x10ac <.L4>
    1096:	81 15       	cp	r24, r1
    1098:	e9 f0       	breq	.+58     	; 0x10d4 <.L20>
    109a:	87 b3       	in	r24, 0x17	; 23
    109c:	21 e0       	ldi	r18, 0x01	; 1
    109e:	01 c0       	rjmp	.+2      	; 0x10a2 <.L2^B3>

000010a0 <.L1^B3>:
    10a0:	22 0f       	add	r18, r18

000010a2 <.L2^B3>:
    10a2:	6a 95       	dec	r22
    10a4:	ea f7       	brpl	.-6      	; 0x10a0 <.L1^B3>
    10a6:	82 2b       	or	r24, r18
    10a8:	87 bb       	out	0x17, r24	; 23
    10aa:	08 95       	ret

000010ac <.L4>:
    10ac:	83 30       	cpi	r24, 0x03	; 3
    10ae:	79 f5       	brne	.+94     	; 0x110e <.L21>
    10b0:	81 b3       	in	r24, 0x11	; 17
    10b2:	21 e0       	ldi	r18, 0x01	; 1
    10b4:	01 c0       	rjmp	.+2      	; 0x10b8 <.L2^B4>

000010b6 <.L1^B4>:
    10b6:	22 0f       	add	r18, r18

000010b8 <.L2^B4>:
    10b8:	6a 95       	dec	r22
    10ba:	ea f7       	brpl	.-6      	; 0x10b6 <.L1^B4>
    10bc:	82 2b       	or	r24, r18
    10be:	81 bb       	out	0x11, r24	; 17
    10c0:	08 95       	ret

000010c2 <.L3>:
    10c2:	84 b3       	in	r24, 0x14	; 20
    10c4:	21 e0       	ldi	r18, 0x01	; 1
    10c6:	01 c0       	rjmp	.+2      	; 0x10ca <.L2^B5>

000010c8 <.L1^B5>:
    10c8:	22 0f       	add	r18, r18

000010ca <.L2^B5>:
    10ca:	6a 95       	dec	r22
    10cc:	ea f7       	brpl	.-6      	; 0x10c8 <.L1^B5>
    10ce:	82 2b       	or	r24, r18
    10d0:	84 bb       	out	0x14, r24	; 20
    10d2:	08 95       	ret

000010d4 <.L20>:
    10d4:	8a b3       	in	r24, 0x1a	; 26
    10d6:	21 e0       	ldi	r18, 0x01	; 1
    10d8:	01 c0       	rjmp	.+2      	; 0x10dc <.L2^B6>

000010da <.L1^B6>:
    10da:	22 0f       	add	r18, r18

000010dc <.L2^B6>:
    10dc:	6a 95       	dec	r22
    10de:	ea f7       	brpl	.-6      	; 0x10da <.L1^B6>
    10e0:	82 2b       	or	r24, r18
    10e2:	8a bb       	out	0x1a, r24	; 26
    10e4:	08 95       	ret

000010e6 <.L9>:
    10e6:	24 b3       	in	r18, 0x14	; 20
    10e8:	81 e0       	ldi	r24, 0x01	; 1
    10ea:	01 c0       	rjmp	.+2      	; 0x10ee <.L2^B7>

000010ec <.L1^B7>:
    10ec:	88 0f       	add	r24, r24

000010ee <.L2^B7>:
    10ee:	6a 95       	dec	r22
    10f0:	ea f7       	brpl	.-6      	; 0x10ec <.L1^B7>
    10f2:	80 95       	com	r24
    10f4:	82 23       	and	r24, r18
    10f6:	84 bb       	out	0x14, r24	; 20
    10f8:	08 95       	ret

000010fa <.L18>:
    10fa:	2a b3       	in	r18, 0x1a	; 26
    10fc:	81 e0       	ldi	r24, 0x01	; 1
    10fe:	01 c0       	rjmp	.+2      	; 0x1102 <.L2^B8>

00001100 <.L1^B8>:
    1100:	88 0f       	add	r24, r24

00001102 <.L2^B8>:
    1102:	6a 95       	dec	r22
    1104:	ea f7       	brpl	.-6      	; 0x1100 <.L1^B8>
    1106:	80 95       	com	r24
    1108:	82 23       	and	r24, r18
    110a:	8a bb       	out	0x1a, r24	; 26
    110c:	08 95       	ret

0000110e <.L21>:
    110e:	08 95       	ret

00001110 <.L19>:
    1110:	08 95       	ret

00001112 <DIO_SetGroupDirection>:
    1112:	82 30       	cpi	r24, 0x02	; 2
    1114:	49 f0       	breq	.+18     	; 0x1128 <.L23>
    1116:	20 f4       	brcc	.+8      	; 0x1120 <.L24>
    1118:	81 15       	cp	r24, r1
    111a:	41 f0       	breq	.+16     	; 0x112c <.L30>
    111c:	67 bb       	out	0x17, r22	; 23
    111e:	08 95       	ret

00001120 <.L24>:
    1120:	83 30       	cpi	r24, 0x03	; 3
    1122:	31 f4       	brne	.+12     	; 0x1130 <.L31>
    1124:	61 bb       	out	0x11, r22	; 17
    1126:	08 95       	ret

00001128 <.L23>:
    1128:	64 bb       	out	0x14, r22	; 20
    112a:	08 95       	ret

0000112c <.L30>:
    112c:	6a bb       	out	0x1a, r22	; 26
    112e:	08 95       	ret

00001130 <.L31>:
    1130:	08 95       	ret

00001132 <DIO_SetPinValue>:
    1132:	41 30       	cpi	r20, 0x01	; 1
    1134:	51 f0       	breq	.+20     	; 0x114a <.L41>
    1136:	40 f4       	brcc	.+16     	; 0x1148 <.L32>
    1138:	81 30       	cpi	r24, 0x01	; 1
    113a:	00 f1       	brcs	.+64     	; 0x117c <.L42>
    113c:	91 f1       	breq	.+100    	; 0x11a2 <.L43>
    113e:	82 30       	cpi	r24, 0x02	; 2
    1140:	09 f4       	brne	.+2      	; 0x1144 <L0^A+0x2>

00001142 <L0^A>:
    1142:	4c c0       	rjmp	.+152    	; 0x11dc <.L44>
    1144:	83 30       	cpi	r24, 0x03	; 3
    1146:	b9 f1       	breq	.+110    	; 0x11b6 <.L45>

00001148 <.L32>:
    1148:	08 95       	ret

0000114a <.L41>:
    114a:	81 30       	cpi	r24, 0x01	; 1
    114c:	70 f0       	brcs	.+28     	; 0x116a <.L46>
    114e:	01 f1       	breq	.+64     	; 0x1190 <.L47>
    1150:	82 30       	cpi	r24, 0x02	; 2
    1152:	d9 f1       	breq	.+118    	; 0x11ca <.L48>
    1154:	83 30       	cpi	r24, 0x03	; 3
    1156:	c1 f7       	brne	.-16     	; 0x1148 <.L32>
    1158:	82 b3       	in	r24, 0x12	; 18
    115a:	21 e0       	ldi	r18, 0x01	; 1
    115c:	01 c0       	rjmp	.+2      	; 0x1160 <.L2^B9>

0000115e <.L1^B9>:
    115e:	22 0f       	add	r18, r18

00001160 <.L2^B9>:
    1160:	6a 95       	dec	r22
    1162:	ea f7       	brpl	.-6      	; 0x115e <.L1^B9>
    1164:	82 2b       	or	r24, r18
    1166:	82 bb       	out	0x12, r24	; 18
    1168:	08 95       	ret

0000116a <.L46>:
    116a:	8b b3       	in	r24, 0x1b	; 27
    116c:	21 e0       	ldi	r18, 0x01	; 1
    116e:	01 c0       	rjmp	.+2      	; 0x1172 <.L2^B10>

00001170 <.L1^B10>:
    1170:	22 0f       	add	r18, r18

00001172 <.L2^B10>:
    1172:	6a 95       	dec	r22
    1174:	ea f7       	brpl	.-6      	; 0x1170 <.L1^B10>
    1176:	82 2b       	or	r24, r18
    1178:	8b bb       	out	0x1b, r24	; 27
    117a:	08 95       	ret

0000117c <.L42>:
    117c:	2b b3       	in	r18, 0x1b	; 27
    117e:	81 e0       	ldi	r24, 0x01	; 1
    1180:	01 c0       	rjmp	.+2      	; 0x1184 <.L2^B11>

00001182 <.L1^B11>:
    1182:	88 0f       	add	r24, r24

00001184 <.L2^B11>:
    1184:	6a 95       	dec	r22
    1186:	ea f7       	brpl	.-6      	; 0x1182 <.L1^B11>
    1188:	80 95       	com	r24
    118a:	82 23       	and	r24, r18
    118c:	8b bb       	out	0x1b, r24	; 27
    118e:	08 95       	ret

00001190 <.L47>:
    1190:	88 b3       	in	r24, 0x18	; 24
    1192:	21 e0       	ldi	r18, 0x01	; 1
    1194:	01 c0       	rjmp	.+2      	; 0x1198 <.L2^B12>

00001196 <.L1^B12>:
    1196:	22 0f       	add	r18, r18

00001198 <.L2^B12>:
    1198:	6a 95       	dec	r22
    119a:	ea f7       	brpl	.-6      	; 0x1196 <.L1^B12>
    119c:	82 2b       	or	r24, r18
    119e:	88 bb       	out	0x18, r24	; 24
    11a0:	08 95       	ret

000011a2 <.L43>:
    11a2:	28 b3       	in	r18, 0x18	; 24
    11a4:	81 e0       	ldi	r24, 0x01	; 1
    11a6:	01 c0       	rjmp	.+2      	; 0x11aa <.L2^B13>

000011a8 <.L1^B13>:
    11a8:	88 0f       	add	r24, r24

000011aa <.L2^B13>:
    11aa:	6a 95       	dec	r22
    11ac:	ea f7       	brpl	.-6      	; 0x11a8 <.L1^B13>
    11ae:	80 95       	com	r24
    11b0:	82 23       	and	r24, r18
    11b2:	88 bb       	out	0x18, r24	; 24
    11b4:	08 95       	ret

000011b6 <.L45>:
    11b6:	22 b3       	in	r18, 0x12	; 18
    11b8:	81 e0       	ldi	r24, 0x01	; 1
    11ba:	01 c0       	rjmp	.+2      	; 0x11be <.L2^B14>

000011bc <.L1^B14>:
    11bc:	88 0f       	add	r24, r24

000011be <.L2^B14>:
    11be:	6a 95       	dec	r22
    11c0:	ea f7       	brpl	.-6      	; 0x11bc <.L1^B14>
    11c2:	80 95       	com	r24
    11c4:	82 23       	and	r24, r18
    11c6:	82 bb       	out	0x12, r24	; 18
    11c8:	08 95       	ret

000011ca <.L48>:
    11ca:	85 b3       	in	r24, 0x15	; 21
    11cc:	21 e0       	ldi	r18, 0x01	; 1
    11ce:	01 c0       	rjmp	.+2      	; 0x11d2 <.L2^B15>

000011d0 <.L1^B15>:
    11d0:	22 0f       	add	r18, r18

000011d2 <.L2^B15>:
    11d2:	6a 95       	dec	r22
    11d4:	ea f7       	brpl	.-6      	; 0x11d0 <.L1^B15>
    11d6:	82 2b       	or	r24, r18
    11d8:	85 bb       	out	0x15, r24	; 21
    11da:	08 95       	ret

000011dc <.L44>:
    11dc:	25 b3       	in	r18, 0x15	; 21
    11de:	81 e0       	ldi	r24, 0x01	; 1
    11e0:	01 c0       	rjmp	.+2      	; 0x11e4 <.L2^B16>

000011e2 <.L1^B16>:
    11e2:	88 0f       	add	r24, r24

000011e4 <.L2^B16>:
    11e4:	6a 95       	dec	r22
    11e6:	ea f7       	brpl	.-6      	; 0x11e2 <.L1^B16>
    11e8:	80 95       	com	r24
    11ea:	82 23       	and	r24, r18
    11ec:	85 bb       	out	0x15, r24	; 21
    11ee:	08 95       	ret

000011f0 <DIO_SetGroupValue>:
    11f0:	82 30       	cpi	r24, 0x02	; 2
    11f2:	49 f0       	breq	.+18     	; 0x1206 <.L50>
    11f4:	20 f4       	brcc	.+8      	; 0x11fe <.L51>
    11f6:	81 15       	cp	r24, r1
    11f8:	41 f0       	breq	.+16     	; 0x120a <.L57>
    11fa:	68 bb       	out	0x18, r22	; 24
    11fc:	08 95       	ret

000011fe <.L51>:
    11fe:	83 30       	cpi	r24, 0x03	; 3
    1200:	31 f4       	brne	.+12     	; 0x120e <.L58>
    1202:	62 bb       	out	0x12, r22	; 18
    1204:	08 95       	ret

00001206 <.L50>:
    1206:	65 bb       	out	0x15, r22	; 21
    1208:	08 95       	ret

0000120a <.L57>:
    120a:	6b bb       	out	0x1b, r22	; 27
    120c:	08 95       	ret

0000120e <.L58>:
    120e:	08 95       	ret

00001210 <DIO_ReadPin>:
    1210:	84 30       	cpi	r24, 0x04	; 4
    1212:	88 f4       	brcc	.+34     	; 0x1236 <.L65>
    1214:	68 30       	cpi	r22, 0x08	; 8
    1216:	78 f4       	brcc	.+30     	; 0x1236 <.L65>
    1218:	82 30       	cpi	r24, 0x02	; 2
    121a:	09 f1       	breq	.+66     	; 0x125e <.L61>
    121c:	83 30       	cpi	r24, 0x03	; 3
    121e:	b1 f0       	breq	.+44     	; 0x124c <.L62>
    1220:	81 30       	cpi	r24, 0x01	; 1
    1222:	59 f0       	breq	.+22     	; 0x123a <.L63>
    1224:	89 b3       	in	r24, 0x19	; 25
    1226:	90 e0       	ldi	r25, 0x00	; 0
    1228:	02 c0       	rjmp	.+4      	; 0x122e <.L2^B17>

0000122a <.L1^B17>:
    122a:	95 95       	asr	r25
    122c:	87 95       	ror	r24

0000122e <.L2^B17>:
    122e:	6a 95       	dec	r22
    1230:	e2 f7       	brpl	.-8      	; 0x122a <.L1^B17>
    1232:	81 70       	andi	r24, 0x01	; 1
    1234:	08 95       	ret

00001236 <.L65>:
    1236:	80 e0       	ldi	r24, 0x00	; 0
    1238:	08 95       	ret

0000123a <.L63>:
    123a:	86 b3       	in	r24, 0x16	; 22
    123c:	90 e0       	ldi	r25, 0x00	; 0
    123e:	02 c0       	rjmp	.+4      	; 0x1244 <.L2^B18>

00001240 <.L1^B18>:
    1240:	95 95       	asr	r25
    1242:	87 95       	ror	r24

00001244 <.L2^B18>:
    1244:	6a 95       	dec	r22
    1246:	e2 f7       	brpl	.-8      	; 0x1240 <.L1^B18>
    1248:	81 70       	andi	r24, 0x01	; 1
    124a:	08 95       	ret

0000124c <.L62>:
    124c:	80 b3       	in	r24, 0x10	; 16
    124e:	90 e0       	ldi	r25, 0x00	; 0
    1250:	02 c0       	rjmp	.+4      	; 0x1256 <.L2^B19>

00001252 <.L1^B19>:
    1252:	95 95       	asr	r25
    1254:	87 95       	ror	r24

00001256 <.L2^B19>:
    1256:	6a 95       	dec	r22
    1258:	e2 f7       	brpl	.-8      	; 0x1252 <.L1^B19>
    125a:	81 70       	andi	r24, 0x01	; 1
    125c:	08 95       	ret

0000125e <.L61>:
    125e:	83 b3       	in	r24, 0x13	; 19
    1260:	90 e0       	ldi	r25, 0x00	; 0
    1262:	02 c0       	rjmp	.+4      	; 0x1268 <.L2^B20>

00001264 <.L1^B20>:
    1264:	95 95       	asr	r25
    1266:	87 95       	ror	r24

00001268 <.L2^B20>:
    1268:	6a 95       	dec	r22
    126a:	e2 f7       	brpl	.-8      	; 0x1264 <.L1^B20>
    126c:	81 70       	andi	r24, 0x01	; 1
    126e:	08 95       	ret

00001270 <DIO_TogglePin>:
    1270:	81 30       	cpi	r24, 0x01	; 1
    1272:	48 f4       	brcc	.+18     	; 0x1286 <.L67>
    1274:	8b b3       	in	r24, 0x1b	; 27
    1276:	21 e0       	ldi	r18, 0x01	; 1
    1278:	01 c0       	rjmp	.+2      	; 0x127c <.L2^B21>

0000127a <.L1^B21>:
    127a:	22 0f       	add	r18, r18

0000127c <.L2^B21>:
    127c:	6a 95       	dec	r22
    127e:	ea f7       	brpl	.-6      	; 0x127a <.L1^B21>
    1280:	82 27       	eor	r24, r18
    1282:	8b bb       	out	0x1b, r24	; 27
    1284:	08 95       	ret

00001286 <.L67>:
    1286:	29 f0       	breq	.+10     	; 0x1292 <.L71>
    1288:	82 30       	cpi	r24, 0x02	; 2
    128a:	a9 f0       	breq	.+42     	; 0x12b6 <.L72>
    128c:	83 30       	cpi	r24, 0x03	; 3
    128e:	51 f0       	breq	.+20     	; 0x12a4 <.L73>
    1290:	08 95       	ret

00001292 <.L71>:
    1292:	88 b3       	in	r24, 0x18	; 24
    1294:	21 e0       	ldi	r18, 0x01	; 1
    1296:	01 c0       	rjmp	.+2      	; 0x129a <.L2^B22>

00001298 <.L1^B22>:
    1298:	22 0f       	add	r18, r18

0000129a <.L2^B22>:
    129a:	6a 95       	dec	r22
    129c:	ea f7       	brpl	.-6      	; 0x1298 <.L1^B22>
    129e:	82 27       	eor	r24, r18
    12a0:	88 bb       	out	0x18, r24	; 24
    12a2:	08 95       	ret

000012a4 <.L73>:
    12a4:	82 b3       	in	r24, 0x12	; 18
    12a6:	21 e0       	ldi	r18, 0x01	; 1
    12a8:	01 c0       	rjmp	.+2      	; 0x12ac <.L2^B23>

000012aa <.L1^B23>:
    12aa:	22 0f       	add	r18, r18

000012ac <.L2^B23>:
    12ac:	6a 95       	dec	r22
    12ae:	ea f7       	brpl	.-6      	; 0x12aa <.L1^B23>
    12b0:	82 27       	eor	r24, r18
    12b2:	82 bb       	out	0x12, r24	; 18
    12b4:	08 95       	ret

000012b6 <.L72>:
    12b6:	85 b3       	in	r24, 0x15	; 21
    12b8:	21 e0       	ldi	r18, 0x01	; 1
    12ba:	01 c0       	rjmp	.+2      	; 0x12be <.L2^B24>

000012bc <.L1^B24>:
    12bc:	22 0f       	add	r18, r18

000012be <.L2^B24>:
    12be:	6a 95       	dec	r22
    12c0:	ea f7       	brpl	.-6      	; 0x12bc <.L1^B24>
    12c2:	82 27       	eor	r24, r18
    12c4:	85 bb       	out	0x15, r24	; 21
    12c6:	08 95       	ret

000012c8 <EXTI_Init>:
    12c8:	81 30       	cpi	r24, 0x01	; 1
    12ca:	70 f4       	brcc	.+28     	; 0x12e8 <.L2>
    12cc:	62 30       	cpi	r22, 0x02	; 2
    12ce:	f1 f0       	breq	.+60     	; 0x130c <.L13>
    12d0:	63 30       	cpi	r22, 0x03	; 3
    12d2:	91 f1       	breq	.+100    	; 0x1338 <.L14>
    12d4:	61 30       	cpi	r22, 0x01	; 1
    12d6:	49 f1       	breq	.+82     	; 0x132a <.L15>
    12d8:	50 f4       	brcc	.+20     	; 0x12ee <.L1>
    12da:	85 b7       	in	r24, 0x35	; 53
    12dc:	8e 7f       	andi	r24, 0xFE	; 254
    12de:	85 bf       	out	0x35, r24	; 53
    12e0:	85 b7       	in	r24, 0x35	; 53
    12e2:	8d 7f       	andi	r24, 0xFD	; 253
    12e4:	85 bf       	out	0x35, r24	; 53
    12e6:	08 95       	ret

000012e8 <.L2>:
    12e8:	19 f0       	breq	.+6      	; 0x12f0 <.L16>
    12ea:	82 30       	cpi	r24, 0x02	; 2
    12ec:	b1 f0       	breq	.+44     	; 0x131a <.L17>

000012ee <.L1>:
    12ee:	08 95       	ret

000012f0 <.L16>:
    12f0:	62 30       	cpi	r22, 0x02	; 2
    12f2:	49 f1       	breq	.+82     	; 0x1346 <.L18>
    12f4:	63 30       	cpi	r22, 0x03	; 3
    12f6:	a9 f1       	breq	.+106    	; 0x1362 <.L19>
    12f8:	61 30       	cpi	r22, 0x01	; 1
    12fa:	61 f1       	breq	.+88     	; 0x1354 <.L20>
    12fc:	c0 f7       	brcc	.-16     	; 0x12ee <.L1>
    12fe:	85 b7       	in	r24, 0x35	; 53
    1300:	8b 7f       	andi	r24, 0xFB	; 251
    1302:	85 bf       	out	0x35, r24	; 53
    1304:	85 b7       	in	r24, 0x35	; 53
    1306:	87 7f       	andi	r24, 0xF7	; 247
    1308:	85 bf       	out	0x35, r24	; 53
    130a:	08 95       	ret

0000130c <.L13>:
    130c:	85 b7       	in	r24, 0x35	; 53
    130e:	8e 7f       	andi	r24, 0xFE	; 254
    1310:	85 bf       	out	0x35, r24	; 53
    1312:	85 b7       	in	r24, 0x35	; 53
    1314:	82 60       	ori	r24, 0x02	; 2
    1316:	85 bf       	out	0x35, r24	; 53
    1318:	08 95       	ret

0000131a <.L17>:
    131a:	62 30       	cpi	r22, 0x02	; 2
    131c:	49 f1       	breq	.+82     	; 0x1370 <.L21>
    131e:	63 30       	cpi	r22, 0x03	; 3
    1320:	31 f7       	brne	.-52     	; 0x12ee <.L1>
    1322:	84 b7       	in	r24, 0x34	; 52
    1324:	80 64       	ori	r24, 0x40	; 64
    1326:	84 bf       	out	0x34, r24	; 52
    1328:	08 95       	ret

0000132a <.L15>:
    132a:	85 b7       	in	r24, 0x35	; 53
    132c:	81 60       	ori	r24, 0x01	; 1
    132e:	85 bf       	out	0x35, r24	; 53
    1330:	85 b7       	in	r24, 0x35	; 53
    1332:	8d 7f       	andi	r24, 0xFD	; 253
    1334:	85 bf       	out	0x35, r24	; 53
    1336:	08 95       	ret

00001338 <.L14>:
    1338:	85 b7       	in	r24, 0x35	; 53
    133a:	81 60       	ori	r24, 0x01	; 1
    133c:	85 bf       	out	0x35, r24	; 53
    133e:	85 b7       	in	r24, 0x35	; 53
    1340:	82 60       	ori	r24, 0x02	; 2
    1342:	85 bf       	out	0x35, r24	; 53
    1344:	08 95       	ret

00001346 <.L18>:
    1346:	85 b7       	in	r24, 0x35	; 53
    1348:	8b 7f       	andi	r24, 0xFB	; 251
    134a:	85 bf       	out	0x35, r24	; 53
    134c:	85 b7       	in	r24, 0x35	; 53
    134e:	88 60       	ori	r24, 0x08	; 8
    1350:	85 bf       	out	0x35, r24	; 53
    1352:	08 95       	ret

00001354 <.L20>:
    1354:	85 b7       	in	r24, 0x35	; 53
    1356:	84 60       	ori	r24, 0x04	; 4
    1358:	85 bf       	out	0x35, r24	; 53
    135a:	85 b7       	in	r24, 0x35	; 53
    135c:	87 7f       	andi	r24, 0xF7	; 247
    135e:	85 bf       	out	0x35, r24	; 53
    1360:	08 95       	ret

00001362 <.L19>:
    1362:	85 b7       	in	r24, 0x35	; 53
    1364:	84 60       	ori	r24, 0x04	; 4
    1366:	85 bf       	out	0x35, r24	; 53
    1368:	85 b7       	in	r24, 0x35	; 53
    136a:	88 60       	ori	r24, 0x08	; 8
    136c:	85 bf       	out	0x35, r24	; 53
    136e:	08 95       	ret

00001370 <.L21>:
    1370:	84 b7       	in	r24, 0x34	; 52
    1372:	8f 7b       	andi	r24, 0xBF	; 191
    1374:	84 bf       	out	0x34, r24	; 52
    1376:	08 95       	ret

00001378 <EXTI_Enable>:
    1378:	81 30       	cpi	r24, 0x01	; 1
    137a:	20 f4       	brcc	.+8      	; 0x1384 <.L23>
    137c:	8b b7       	in	r24, 0x3b	; 59
    137e:	80 64       	ori	r24, 0x40	; 64
    1380:	8b bf       	out	0x3b, r24	; 59
    1382:	08 95       	ret

00001384 <.L23>:
    1384:	19 f0       	breq	.+6      	; 0x138c <.L26>
    1386:	82 30       	cpi	r24, 0x02	; 2
    1388:	29 f0       	breq	.+10     	; 0x1394 <.L27>
    138a:	08 95       	ret

0000138c <.L26>:
    138c:	8b b7       	in	r24, 0x3b	; 59
    138e:	80 68       	ori	r24, 0x80	; 128
    1390:	8b bf       	out	0x3b, r24	; 59
    1392:	08 95       	ret

00001394 <.L27>:
    1394:	8b b7       	in	r24, 0x3b	; 59
    1396:	80 62       	ori	r24, 0x20	; 32
    1398:	8b bf       	out	0x3b, r24	; 59
    139a:	08 95       	ret

0000139c <EXTI_Disable>:
    139c:	81 30       	cpi	r24, 0x01	; 1
    139e:	20 f4       	brcc	.+8      	; 0x13a8 <.L29>
    13a0:	8b b7       	in	r24, 0x3b	; 59
    13a2:	8f 7b       	andi	r24, 0xBF	; 191
    13a4:	8b bf       	out	0x3b, r24	; 59
    13a6:	08 95       	ret

000013a8 <.L29>:
    13a8:	19 f0       	breq	.+6      	; 0x13b0 <.L32>
    13aa:	82 30       	cpi	r24, 0x02	; 2
    13ac:	29 f0       	breq	.+10     	; 0x13b8 <.L33>
    13ae:	08 95       	ret

000013b0 <.L32>:
    13b0:	8b b7       	in	r24, 0x3b	; 59
    13b2:	8f 77       	andi	r24, 0x7F	; 127
    13b4:	8b bf       	out	0x3b, r24	; 59
    13b6:	08 95       	ret

000013b8 <.L33>:
    13b8:	8b b7       	in	r24, 0x3b	; 59
    13ba:	8f 7d       	andi	r24, 0xDF	; 223
    13bc:	8b bf       	out	0x3b, r24	; 59
    13be:	08 95       	ret

000013c0 <EXTI_CallBack>:
    13c0:	61 15       	cp	r22, r1
    13c2:	71 05       	cpc	r23, r1
    13c4:	29 f0       	breq	.+10     	; 0x13d0 <.L34>
    13c6:	81 30       	cpi	r24, 0x01	; 1
    13c8:	20 f0       	brcs	.+8      	; 0x13d2 <.L41>
    13ca:	69 f0       	breq	.+26     	; 0x13e6 <.L42>
    13cc:	82 30       	cpi	r24, 0x02	; 2
    13ce:	31 f0       	breq	.+12     	; 0x13dc <.L43>

000013d0 <.L34>:
    13d0:	08 95       	ret

000013d2 <.L41>:
    13d2:	60 93 ed 00 	sts	0x00ED, r22	; 0x8000ed <EXTI0ISR_Handler>
    13d6:	70 93 ee 00 	sts	0x00EE, r23	; 0x8000ee <EXTI0ISR_Handler+0x1>
    13da:	08 95       	ret

000013dc <.L43>:
    13dc:	60 93 e9 00 	sts	0x00E9, r22	; 0x8000e9 <EXTI2ISR_Handler>
    13e0:	70 93 ea 00 	sts	0x00EA, r23	; 0x8000ea <EXTI2ISR_Handler+0x1>
    13e4:	08 95       	ret

000013e6 <.L42>:
    13e6:	60 93 eb 00 	sts	0x00EB, r22	; 0x8000eb <EXTI1ISR_Handler>
    13ea:	70 93 ec 00 	sts	0x00EC, r23	; 0x8000ec <EXTI1ISR_Handler+0x1>
    13ee:	08 95       	ret

000013f0 <__vector_1>:
    13f0:	1f 92       	push	r1
    13f2:	0f 92       	push	r0
    13f4:	0f b6       	in	r0, 0x3f	; 63
    13f6:	0f 92       	push	r0
    13f8:	11 24       	eor	r1, r1
    13fa:	2f 93       	push	r18
    13fc:	3f 93       	push	r19
    13fe:	4f 93       	push	r20
    1400:	5f 93       	push	r21
    1402:	6f 93       	push	r22
    1404:	7f 93       	push	r23
    1406:	8f 93       	push	r24
    1408:	9f 93       	push	r25
    140a:	af 93       	push	r26
    140c:	bf 93       	push	r27
    140e:	ef 93       	push	r30
    1410:	ff 93       	push	r31
    1412:	e0 91 ed 00 	lds	r30, 0x00ED	; 0x8000ed <EXTI0ISR_Handler>
    1416:	f0 91 ee 00 	lds	r31, 0x00EE	; 0x8000ee <EXTI0ISR_Handler+0x1>
    141a:	30 97       	sbiw	r30, 0x00	; 0
    141c:	09 f0       	breq	.+2      	; 0x1420 <.L44>
    141e:	09 95       	icall

00001420 <.L44>:
    1420:	ff 91       	pop	r31
    1422:	ef 91       	pop	r30
    1424:	bf 91       	pop	r27
    1426:	af 91       	pop	r26
    1428:	9f 91       	pop	r25
    142a:	8f 91       	pop	r24
    142c:	7f 91       	pop	r23
    142e:	6f 91       	pop	r22
    1430:	5f 91       	pop	r21
    1432:	4f 91       	pop	r20
    1434:	3f 91       	pop	r19
    1436:	2f 91       	pop	r18
    1438:	0f 90       	pop	r0
    143a:	0f be       	out	0x3f, r0	; 63
    143c:	0f 90       	pop	r0
    143e:	1f 90       	pop	r1
    1440:	18 95       	reti

00001442 <__vector_2>:
    1442:	1f 92       	push	r1
    1444:	0f 92       	push	r0
    1446:	0f b6       	in	r0, 0x3f	; 63
    1448:	0f 92       	push	r0
    144a:	11 24       	eor	r1, r1
    144c:	2f 93       	push	r18
    144e:	3f 93       	push	r19
    1450:	4f 93       	push	r20
    1452:	5f 93       	push	r21
    1454:	6f 93       	push	r22
    1456:	7f 93       	push	r23
    1458:	8f 93       	push	r24
    145a:	9f 93       	push	r25
    145c:	af 93       	push	r26
    145e:	bf 93       	push	r27
    1460:	ef 93       	push	r30
    1462:	ff 93       	push	r31
    1464:	e0 91 eb 00 	lds	r30, 0x00EB	; 0x8000eb <EXTI1ISR_Handler>
    1468:	f0 91 ec 00 	lds	r31, 0x00EC	; 0x8000ec <EXTI1ISR_Handler+0x1>
    146c:	30 97       	sbiw	r30, 0x00	; 0
    146e:	09 f0       	breq	.+2      	; 0x1472 <.L49>
    1470:	09 95       	icall

00001472 <.L49>:
    1472:	ff 91       	pop	r31
    1474:	ef 91       	pop	r30
    1476:	bf 91       	pop	r27
    1478:	af 91       	pop	r26
    147a:	9f 91       	pop	r25
    147c:	8f 91       	pop	r24
    147e:	7f 91       	pop	r23
    1480:	6f 91       	pop	r22
    1482:	5f 91       	pop	r21
    1484:	4f 91       	pop	r20
    1486:	3f 91       	pop	r19
    1488:	2f 91       	pop	r18
    148a:	0f 90       	pop	r0
    148c:	0f be       	out	0x3f, r0	; 63
    148e:	0f 90       	pop	r0
    1490:	1f 90       	pop	r1
    1492:	18 95       	reti

00001494 <__vector_3>:
    1494:	1f 92       	push	r1
    1496:	0f 92       	push	r0
    1498:	0f b6       	in	r0, 0x3f	; 63
    149a:	0f 92       	push	r0
    149c:	11 24       	eor	r1, r1
    149e:	2f 93       	push	r18
    14a0:	3f 93       	push	r19
    14a2:	4f 93       	push	r20
    14a4:	5f 93       	push	r21
    14a6:	6f 93       	push	r22
    14a8:	7f 93       	push	r23
    14aa:	8f 93       	push	r24
    14ac:	9f 93       	push	r25
    14ae:	af 93       	push	r26
    14b0:	bf 93       	push	r27
    14b2:	ef 93       	push	r30
    14b4:	ff 93       	push	r31
    14b6:	e0 91 e9 00 	lds	r30, 0x00E9	; 0x8000e9 <EXTI2ISR_Handler>
    14ba:	f0 91 ea 00 	lds	r31, 0x00EA	; 0x8000ea <EXTI2ISR_Handler+0x1>
    14be:	30 97       	sbiw	r30, 0x00	; 0
    14c0:	09 f0       	breq	.+2      	; 0x14c4 <.L54>
    14c2:	09 95       	icall

000014c4 <.L54>:
    14c4:	ff 91       	pop	r31
    14c6:	ef 91       	pop	r30
    14c8:	bf 91       	pop	r27
    14ca:	af 91       	pop	r26
    14cc:	9f 91       	pop	r25
    14ce:	8f 91       	pop	r24
    14d0:	7f 91       	pop	r23
    14d2:	6f 91       	pop	r22
    14d4:	5f 91       	pop	r21
    14d6:	4f 91       	pop	r20
    14d8:	3f 91       	pop	r19
    14da:	2f 91       	pop	r18
    14dc:	0f 90       	pop	r0
    14de:	0f be       	out	0x3f, r0	; 63
    14e0:	0f 90       	pop	r0
    14e2:	1f 90       	pop	r1
    14e4:	18 95       	reti

000014e6 <GIE_Enable>:
    14e6:	8f b7       	in	r24, 0x3f	; 63
    14e8:	80 68       	ori	r24, 0x80	; 128
    14ea:	8f bf       	out	0x3f, r24	; 63
    14ec:	08 95       	ret

000014ee <GIE_Disable>:
    14ee:	8f b7       	in	r24, 0x3f	; 63
    14f0:	8f 77       	andi	r24, 0x7F	; 127
    14f2:	8f bf       	out	0x3f, r24	; 63
    14f4:	08 95       	ret

000014f6 <TIMER0_Init>:
    14f6:	cf 93       	push	r28
    14f8:	df 93       	push	r29
    14fa:	00 d0       	rcall	.+0      	; 0x14fc <L0^A>

000014fc <L0^A>:
    14fc:	00 d0       	rcall	.+0      	; 0x14fe <L0^A>

000014fe <L0^A>:
    14fe:	0f 92       	push	r0
    1500:	cd b7       	in	r28, 0x3d	; 61
    1502:	de b7       	in	r29, 0x3e	; 62
    1504:	49 83       	std	Y+1, r20	; 0x01
    1506:	5a 83       	std	Y+2, r21	; 0x02
    1508:	6b 83       	std	Y+3, r22	; 0x03
    150a:	7c 83       	std	Y+4, r23	; 0x04
    150c:	8d 83       	std	Y+5, r24	; 0x05
    150e:	41 30       	cpi	r20, 0x01	; 1
    1510:	81 f1       	breq	.+96     	; 0x1572 <.L14>
    1512:	98 f4       	brcc	.+38     	; 0x153a <.L4>
    1514:	83 b7       	in	r24, 0x33	; 51
    1516:	8f 7b       	andi	r24, 0xBF	; 191
    1518:	83 bf       	out	0x33, r24	; 51
    151a:	83 b7       	in	r24, 0x33	; 51
    151c:	80 62       	ori	r24, 0x20	; 32
    151e:	83 bf       	out	0x33, r24	; 51
    1520:	8c 81       	ldd	r24, Y+4	; 0x04
    1522:	8c bf       	out	0x3c, r24	; 60
    1524:	89 b7       	in	r24, 0x39	; 57
    1526:	82 60       	ori	r24, 0x02	; 2
    1528:	89 bf       	out	0x39, r24	; 57

0000152a <.L1>:
    152a:	0f 90       	pop	r0
    152c:	0f 90       	pop	r0
    152e:	0f 90       	pop	r0
    1530:	0f 90       	pop	r0
    1532:	0f 90       	pop	r0
    1534:	df 91       	pop	r29
    1536:	cf 91       	pop	r28
    1538:	08 95       	ret

0000153a <.L4>:
    153a:	8d 81       	ldd	r24, Y+5	; 0x05
    153c:	42 30       	cpi	r20, 0x02	; 2
    153e:	61 f1       	breq	.+88     	; 0x1598 <.L15>
    1540:	43 30       	cpi	r20, 0x03	; 3
    1542:	99 f7       	brne	.-26     	; 0x152a <.L1>
    1544:	93 b7       	in	r25, 0x33	; 51
    1546:	90 64       	ori	r25, 0x40	; 64
    1548:	93 bf       	out	0x33, r25	; 51
    154a:	93 b7       	in	r25, 0x33	; 51
    154c:	9f 7d       	andi	r25, 0xDF	; 223
    154e:	93 bf       	out	0x33, r25	; 51
    1550:	81 30       	cpi	r24, 0x01	; 1
    1552:	50 f5       	brcc	.+84     	; 0x15a8 <.L8>

00001554 <.L11>:
    1554:	83 b7       	in	r24, 0x33	; 51
    1556:	87 7f       	andi	r24, 0xF7	; 247
    1558:	83 bf       	out	0x33, r24	; 51
    155a:	83 b7       	in	r24, 0x33	; 51
    155c:	80 61       	ori	r24, 0x10	; 16
    155e:	83 bf       	out	0x33, r24	; 51

00001560 <.L9>:
    1560:	1c be       	out	0x3c, r1	; 60

00001562 <.L16>:
    1562:	0f 90       	pop	r0
    1564:	0f 90       	pop	r0
    1566:	0f 90       	pop	r0
    1568:	0f 90       	pop	r0
    156a:	0f 90       	pop	r0
    156c:	df 91       	pop	r29
    156e:	cf 91       	pop	r28
    1570:	08 95       	ret

00001572 <.L14>:
    1572:	83 b7       	in	r24, 0x33	; 51
    1574:	8f 7b       	andi	r24, 0xBF	; 191
    1576:	83 bf       	out	0x33, r24	; 51
    1578:	83 b7       	in	r24, 0x33	; 51
    157a:	8f 7d       	andi	r24, 0xDF	; 223
    157c:	83 bf       	out	0x33, r24	; 51
    157e:	8b 81       	ldd	r24, Y+3	; 0x03
    1580:	84 bf       	out	0x34, r24	; 52
    1582:	89 b7       	in	r24, 0x39	; 57
    1584:	81 60       	ori	r24, 0x01	; 1
    1586:	89 bf       	out	0x39, r24	; 57
    1588:	0f 90       	pop	r0
    158a:	0f 90       	pop	r0
    158c:	0f 90       	pop	r0
    158e:	0f 90       	pop	r0
    1590:	0f 90       	pop	r0
    1592:	df 91       	pop	r29
    1594:	cf 91       	pop	r28
    1596:	08 95       	ret

00001598 <.L15>:
    1598:	93 b7       	in	r25, 0x33	; 51
    159a:	90 64       	ori	r25, 0x40	; 64
    159c:	93 bf       	out	0x33, r25	; 51
    159e:	93 b7       	in	r25, 0x33	; 51
    15a0:	90 62       	ori	r25, 0x20	; 32
    15a2:	93 bf       	out	0x33, r25	; 51
    15a4:	81 30       	cpi	r24, 0x01	; 1
    15a6:	b0 f2       	brcs	.-84     	; 0x1554 <.L11>

000015a8 <.L8>:
    15a8:	d9 f6       	brne	.-74     	; 0x1560 <.L9>
    15aa:	83 b7       	in	r24, 0x33	; 51
    15ac:	88 60       	ori	r24, 0x08	; 8
    15ae:	83 bf       	out	0x33, r24	; 51
    15b0:	83 b7       	in	r24, 0x33	; 51
    15b2:	80 61       	ori	r24, 0x10	; 16
    15b4:	83 bf       	out	0x33, r24	; 51
    15b6:	1c be       	out	0x3c, r1	; 60
    15b8:	d4 cf       	rjmp	.-88     	; 0x1562 <.L16>

000015ba <TIMER0_Start>:
    15ba:	81 15       	cp	r24, r1
    15bc:	21 f0       	breq	.+8      	; 0x15c6 <.L17>
    15be:	93 b7       	in	r25, 0x33	; 51
    15c0:	98 7f       	andi	r25, 0xF8	; 248
    15c2:	89 2b       	or	r24, r25
    15c4:	83 bf       	out	0x33, r24	; 51

000015c6 <.L17>:
    15c6:	08 95       	ret

000015c8 <TIMER0_Stop>:
    15c8:	83 b7       	in	r24, 0x33	; 51
    15ca:	88 7f       	andi	r24, 0xF8	; 248
    15cc:	83 bf       	out	0x33, r24	; 51
    15ce:	08 95       	ret

000015d0 <TIMER0_CallBack>:
    15d0:	61 15       	cp	r22, r1
    15d2:	71 05       	cpc	r23, r1
    15d4:	41 f0       	breq	.+16     	; 0x15e6 <.L23>
    15d6:	81 30       	cpi	r24, 0x01	; 1
    15d8:	28 f4       	brcc	.+10     	; 0x15e4 <.L25>
    15da:	60 93 f1 00 	sts	0x00F1, r22	; 0x8000f1 <Timer0_OVFCallBack>
    15de:	70 93 f2 00 	sts	0x00F2, r23	; 0x8000f2 <Timer0_OVFCallBack+0x1>
    15e2:	08 95       	ret

000015e4 <.L25>:
    15e4:	09 f0       	breq	.+2      	; 0x15e8 <.L29>

000015e6 <.L23>:
    15e6:	08 95       	ret

000015e8 <.L29>:
    15e8:	60 93 ef 00 	sts	0x00EF, r22	; 0x8000ef <Timer0_CTCCallBack>
    15ec:	70 93 f0 00 	sts	0x00F0, r23	; 0x8000f0 <Timer0_CTCCallBack+0x1>
    15f0:	08 95       	ret

000015f2 <__vector_10>:
    15f2:	1f 92       	push	r1
    15f4:	0f 92       	push	r0
    15f6:	0f b6       	in	r0, 0x3f	; 63
    15f8:	0f 92       	push	r0
    15fa:	11 24       	eor	r1, r1
    15fc:	2f 93       	push	r18
    15fe:	3f 93       	push	r19
    1600:	4f 93       	push	r20
    1602:	5f 93       	push	r21
    1604:	6f 93       	push	r22
    1606:	7f 93       	push	r23
    1608:	8f 93       	push	r24
    160a:	9f 93       	push	r25
    160c:	af 93       	push	r26
    160e:	bf 93       	push	r27
    1610:	ef 93       	push	r30
    1612:	ff 93       	push	r31
    1614:	e0 91 ef 00 	lds	r30, 0x00EF	; 0x8000ef <Timer0_CTCCallBack>
    1618:	f0 91 f0 00 	lds	r31, 0x00F0	; 0x8000f0 <Timer0_CTCCallBack+0x1>
    161c:	30 97       	sbiw	r30, 0x00	; 0
    161e:	09 f0       	breq	.+2      	; 0x1622 <.L30>
    1620:	09 95       	icall

00001622 <.L30>:
    1622:	ff 91       	pop	r31
    1624:	ef 91       	pop	r30
    1626:	bf 91       	pop	r27
    1628:	af 91       	pop	r26
    162a:	9f 91       	pop	r25
    162c:	8f 91       	pop	r24
    162e:	7f 91       	pop	r23
    1630:	6f 91       	pop	r22
    1632:	5f 91       	pop	r21
    1634:	4f 91       	pop	r20
    1636:	3f 91       	pop	r19
    1638:	2f 91       	pop	r18
    163a:	0f 90       	pop	r0
    163c:	0f be       	out	0x3f, r0	; 63
    163e:	0f 90       	pop	r0
    1640:	1f 90       	pop	r1
    1642:	18 95       	reti

00001644 <__vector_11>:
    1644:	1f 92       	push	r1
    1646:	0f 92       	push	r0
    1648:	0f b6       	in	r0, 0x3f	; 63
    164a:	0f 92       	push	r0
    164c:	11 24       	eor	r1, r1
    164e:	2f 93       	push	r18
    1650:	3f 93       	push	r19
    1652:	4f 93       	push	r20
    1654:	5f 93       	push	r21
    1656:	6f 93       	push	r22
    1658:	7f 93       	push	r23
    165a:	8f 93       	push	r24
    165c:	9f 93       	push	r25
    165e:	af 93       	push	r26
    1660:	bf 93       	push	r27
    1662:	ef 93       	push	r30
    1664:	ff 93       	push	r31
    1666:	e0 91 f1 00 	lds	r30, 0x00F1	; 0x8000f1 <Timer0_OVFCallBack>
    166a:	f0 91 f2 00 	lds	r31, 0x00F2	; 0x8000f2 <Timer0_OVFCallBack+0x1>
    166e:	30 97       	sbiw	r30, 0x00	; 0
    1670:	09 f0       	breq	.+2      	; 0x1674 <.L35>
    1672:	09 95       	icall

00001674 <.L35>:
    1674:	ff 91       	pop	r31
    1676:	ef 91       	pop	r30
    1678:	bf 91       	pop	r27
    167a:	af 91       	pop	r26
    167c:	9f 91       	pop	r25
    167e:	8f 91       	pop	r24
    1680:	7f 91       	pop	r23
    1682:	6f 91       	pop	r22
    1684:	5f 91       	pop	r21
    1686:	4f 91       	pop	r20
    1688:	3f 91       	pop	r19
    168a:	2f 91       	pop	r18
    168c:	0f 90       	pop	r0
    168e:	0f be       	out	0x3f, r0	; 63
    1690:	0f 90       	pop	r0
    1692:	1f 90       	pop	r1
    1694:	18 95       	reti

00001696 <main>:
    1696:	0e 94 8c 00 	call	0x118	; 0x118 <System_Init>

0000169a <.L2>:
    169a:	0e 94 99 02 	call	0x532	; 0x532 <StateMachine>
    169e:	fd cf       	rjmp	.-6      	; 0x169a <.L2>

000016a0 <__divmodsi4>:
    16a0:	05 2e       	mov	r0, r21

000016a2 <.Loc.1>:
    16a2:	97 fb       	bst	r25, 7

000016a4 <.Loc.2>:
    16a4:	1e f4       	brtc	.+6      	; 0x16ac <.L0^B1>

000016a6 <.Loc.3>:
    16a6:	00 94       	com	r0

000016a8 <.Loc.4>:
    16a8:	0e 94 67 0b 	call	0x16ce	; 0x16ce <__negsi2>

000016ac <.L0^B1>:
    16ac:	57 fd       	sbrc	r21, 7

000016ae <.Loc.6>:
    16ae:	07 d0       	rcall	.+14     	; 0x16be <__divmodsi4_neg2>

000016b0 <.Loc.7>:
    16b0:	0e 94 6f 0b 	call	0x16de	; 0x16de <__udivmodsi4>

000016b4 <.Loc.8>:
    16b4:	07 fc       	sbrc	r0, 7

000016b6 <.Loc.9>:
    16b6:	03 d0       	rcall	.+6      	; 0x16be <__divmodsi4_neg2>

000016b8 <.Loc.10>:
    16b8:	4e f4       	brtc	.+18     	; 0x16cc <__divmodsi4_exit>

000016ba <.Loc.11>:
    16ba:	0c 94 67 0b 	jmp	0x16ce	; 0x16ce <__negsi2>

000016be <__divmodsi4_neg2>:
    16be:	50 95       	com	r21

000016c0 <.Loc.13>:
    16c0:	40 95       	com	r20

000016c2 <.Loc.14>:
    16c2:	30 95       	com	r19

000016c4 <.Loc.15>:
    16c4:	21 95       	neg	r18

000016c6 <.Loc.16>:
    16c6:	3f 4f       	sbci	r19, 0xFF	; 255

000016c8 <.Loc.17>:
    16c8:	4f 4f       	sbci	r20, 0xFF	; 255

000016ca <.Loc.18>:
    16ca:	5f 4f       	sbci	r21, 0xFF	; 255

000016cc <__divmodsi4_exit>:
    16cc:	08 95       	ret

000016ce <__negsi2>:
    16ce:	90 95       	com	r25
    16d0:	80 95       	com	r24
    16d2:	70 95       	com	r23
    16d4:	61 95       	neg	r22
    16d6:	7f 4f       	sbci	r23, 0xFF	; 255
    16d8:	8f 4f       	sbci	r24, 0xFF	; 255
    16da:	9f 4f       	sbci	r25, 0xFF	; 255

000016dc <.Loc.1>:
    16dc:	08 95       	ret

000016de <__udivmodsi4>:
    16de:	a1 e2       	ldi	r26, 0x21	; 33

000016e0 <.Loc.1>:
    16e0:	1a 2e       	mov	r1, r26

000016e2 <.Loc.2>:
    16e2:	aa 1b       	sub	r26, r26

000016e4 <.Loc.3>:
    16e4:	bb 1b       	sub	r27, r27

000016e6 <.Loc.4>:
    16e6:	fd 01       	movw	r30, r26

000016e8 <.Loc.5>:
    16e8:	0d c0       	rjmp	.+26     	; 0x1704 <__udivmodsi4_ep>

000016ea <__udivmodsi4_loop>:
    16ea:	aa 1f       	adc	r26, r26

000016ec <.Loc.7>:
    16ec:	bb 1f       	adc	r27, r27

000016ee <.Loc.8>:
    16ee:	ee 1f       	adc	r30, r30

000016f0 <.Loc.9>:
    16f0:	ff 1f       	adc	r31, r31

000016f2 <.Loc.10>:
    16f2:	a2 17       	cp	r26, r18

000016f4 <.Loc.11>:
    16f4:	b3 07       	cpc	r27, r19

000016f6 <.Loc.12>:
    16f6:	e4 07       	cpc	r30, r20

000016f8 <.Loc.13>:
    16f8:	f5 07       	cpc	r31, r21

000016fa <.Loc.14>:
    16fa:	20 f0       	brcs	.+8      	; 0x1704 <__udivmodsi4_ep>

000016fc <.Loc.15>:
    16fc:	a2 1b       	sub	r26, r18

000016fe <.Loc.16>:
    16fe:	b3 0b       	sbc	r27, r19

00001700 <.Loc.17>:
    1700:	e4 0b       	sbc	r30, r20

00001702 <.Loc.18>:
    1702:	f5 0b       	sbc	r31, r21

00001704 <__udivmodsi4_ep>:
    1704:	66 1f       	adc	r22, r22

00001706 <.Loc.20>:
    1706:	77 1f       	adc	r23, r23

00001708 <.Loc.21>:
    1708:	88 1f       	adc	r24, r24

0000170a <.Loc.22>:
    170a:	99 1f       	adc	r25, r25

0000170c <.Loc.23>:
    170c:	1a 94       	dec	r1

0000170e <.Loc.24>:
    170e:	69 f7       	brne	.-38     	; 0x16ea <__udivmodsi4_loop>

00001710 <.Loc.25>:
    1710:	60 95       	com	r22

00001712 <.Loc.26>:
    1712:	70 95       	com	r23

00001714 <.Loc.27>:
    1714:	80 95       	com	r24

00001716 <.Loc.28>:
    1716:	90 95       	com	r25

00001718 <.Loc.29>:
    1718:	9b 01       	movw	r18, r22

0000171a <.Loc.30>:
    171a:	ac 01       	movw	r20, r24

0000171c <.Loc.31>:
    171c:	bd 01       	movw	r22, r26

0000171e <.Loc.32>:
    171e:	cf 01       	movw	r24, r30

00001720 <.Loc.33>:
    1720:	08 95       	ret

00001722 <__divsf3>:
    1722:	0e 94 a5 0b 	call	0x174a	; 0x174a <__divsf3x>
    1726:	0c 94 86 0c 	jmp	0x190c	; 0x190c <__fp_round>

0000172a <.L0^B1>:
    172a:	0e 94 7f 0c 	call	0x18fe	; 0x18fe <__fp_pscB>
    172e:	58 f0       	brcs	.+22     	; 0x1746 <.L_nan>
    1730:	0e 94 78 0c 	call	0x18f0	; 0x18f0 <__fp_pscA>
    1734:	40 f0       	brcs	.+16     	; 0x1746 <.L_nan>
    1736:	29 f4       	brne	.+10     	; 0x1742 <.L_zr>
    1738:	5f 3f       	cpi	r21, 0xFF	; 255
    173a:	29 f0       	breq	.+10     	; 0x1746 <.L_nan>

0000173c <.L_inf>:
    173c:	0c 94 6f 0c 	jmp	0x18de	; 0x18de <__fp_inf>

00001740 <.L1^B1>:
    1740:	51 11       	cpse	r21, r1

00001742 <.L_zr>:
    1742:	0c 94 ba 0c 	jmp	0x1974	; 0x1974 <__fp_szero>

00001746 <.L_nan>:
    1746:	0c 94 75 0c 	jmp	0x18ea	; 0x18ea <__fp_nan>

0000174a <__divsf3x>:
    174a:	0e 94 97 0c 	call	0x192e	; 0x192e <__fp_split3>
    174e:	68 f3       	brcs	.-38     	; 0x172a <.L0^B1>

00001750 <__divsf3_pse>:
    1750:	99 23       	and	r25, r25
    1752:	b1 f3       	breq	.-20     	; 0x1740 <.L1^B1>
    1754:	55 23       	and	r21, r21
    1756:	91 f3       	breq	.-28     	; 0x173c <.L_inf>
    1758:	95 1b       	sub	r25, r21
    175a:	55 0b       	sbc	r21, r21
    175c:	bb 27       	eor	r27, r27
    175e:	aa 27       	eor	r26, r26

00001760 <.L2^B1>:
    1760:	62 17       	cp	r22, r18
    1762:	73 07       	cpc	r23, r19
    1764:	84 07       	cpc	r24, r20
    1766:	38 f0       	brcs	.+14     	; 0x1776 <.L3^B1>
    1768:	9f 5f       	subi	r25, 0xFF	; 255
    176a:	5f 4f       	sbci	r21, 0xFF	; 255
    176c:	22 0f       	add	r18, r18
    176e:	33 1f       	adc	r19, r19
    1770:	44 1f       	adc	r20, r20
    1772:	aa 1f       	adc	r26, r26
    1774:	a9 f3       	breq	.-22     	; 0x1760 <.L2^B1>

00001776 <.L3^B1>:
    1776:	35 d0       	rcall	.+106    	; 0x17e2 <.L_div>
    1778:	0e 2e       	mov	r0, r30
    177a:	3a f0       	brmi	.+14     	; 0x178a <.L5^B1>

0000177c <.L4^B1>:
    177c:	e0 e8       	ldi	r30, 0x80	; 128
    177e:	32 d0       	rcall	.+100    	; 0x17e4 <.L_div1>
    1780:	91 50       	subi	r25, 0x01	; 1
    1782:	50 40       	sbci	r21, 0x00	; 0
    1784:	e6 95       	lsr	r30
    1786:	00 1c       	adc	r0, r0
    1788:	ca f7       	brpl	.-14     	; 0x177c <.L4^B1>

0000178a <.L5^B1>:
    178a:	2b d0       	rcall	.+86     	; 0x17e2 <.L_div>
    178c:	fe 2f       	mov	r31, r30
    178e:	29 d0       	rcall	.+82     	; 0x17e2 <.L_div>
    1790:	66 0f       	add	r22, r22
    1792:	77 1f       	adc	r23, r23
    1794:	88 1f       	adc	r24, r24
    1796:	bb 1f       	adc	r27, r27
    1798:	26 17       	cp	r18, r22
    179a:	37 07       	cpc	r19, r23
    179c:	48 07       	cpc	r20, r24
    179e:	ab 07       	cpc	r26, r27
    17a0:	b0 e8       	ldi	r27, 0x80	; 128
    17a2:	09 f0       	breq	.+2      	; 0x17a6 <.L4^B2>
    17a4:	bb 0b       	sbc	r27, r27

000017a6 <.L4^B2>:
    17a6:	80 2d       	mov	r24, r0
    17a8:	bf 01       	movw	r22, r30
    17aa:	ff 27       	eor	r31, r31
    17ac:	93 58       	subi	r25, 0x83	; 131
    17ae:	5f 4f       	sbci	r21, 0xFF	; 255
    17b0:	3a f0       	brmi	.+14     	; 0x17c0 <.L13^B1>
    17b2:	9e 3f       	cpi	r25, 0xFE	; 254
    17b4:	51 05       	cpc	r21, r1
    17b6:	78 f0       	brcs	.+30     	; 0x17d6 <.L15^B1>
    17b8:	0c 94 6f 0c 	jmp	0x18de	; 0x18de <__fp_inf>

000017bc <.L12^B1>:
    17bc:	0c 94 ba 0c 	jmp	0x1974	; 0x1974 <__fp_szero>

000017c0 <.L13^B1>:
    17c0:	5f 3f       	cpi	r21, 0xFF	; 255
    17c2:	e4 f3       	brlt	.-8      	; 0x17bc <.L12^B1>
    17c4:	98 3e       	cpi	r25, 0xE8	; 232
    17c6:	d4 f3       	brlt	.-12     	; 0x17bc <.L12^B1>

000017c8 <.L14^B1>:
    17c8:	86 95       	lsr	r24
    17ca:	77 95       	ror	r23
    17cc:	67 95       	ror	r22
    17ce:	b7 95       	ror	r27
    17d0:	f7 95       	ror	r31
    17d2:	9f 5f       	subi	r25, 0xFF	; 255
    17d4:	c9 f7       	brne	.-14     	; 0x17c8 <.L14^B1>

000017d6 <.L15^B1>:
    17d6:	88 0f       	add	r24, r24
    17d8:	91 1d       	adc	r25, r1
    17da:	96 95       	lsr	r25
    17dc:	87 95       	ror	r24
    17de:	97 f9       	bld	r25, 7
    17e0:	08 95       	ret

000017e2 <.L_div>:
    17e2:	e1 e0       	ldi	r30, 0x01	; 1

000017e4 <.L_div1>:
    17e4:	66 0f       	add	r22, r22
    17e6:	77 1f       	adc	r23, r23
    17e8:	88 1f       	adc	r24, r24
    17ea:	bb 1f       	adc	r27, r27
    17ec:	62 17       	cp	r22, r18
    17ee:	73 07       	cpc	r23, r19
    17f0:	84 07       	cpc	r24, r20
    17f2:	ba 07       	cpc	r27, r26
    17f4:	20 f0       	brcs	.+8      	; 0x17fe <.L2^B2>
    17f6:	62 1b       	sub	r22, r18
    17f8:	73 0b       	sbc	r23, r19
    17fa:	84 0b       	sbc	r24, r20
    17fc:	ba 0b       	sbc	r27, r26

000017fe <.L2^B2>:
    17fe:	ee 1f       	adc	r30, r30
    1800:	88 f7       	brcc	.-30     	; 0x17e4 <.L_div1>
    1802:	e0 95       	com	r30
    1804:	08 95       	ret

00001806 <__fixunssfsi>:
    1806:	0e 94 9f 0c 	call	0x193e	; 0x193e <__fp_splitA>
    180a:	88 f0       	brcs	.+34     	; 0x182e <.L_err>
    180c:	9f 57       	subi	r25, 0x7F	; 127
    180e:	98 f0       	brcs	.+38     	; 0x1836 <.L_zr>
    1810:	b9 2f       	mov	r27, r25
    1812:	99 27       	eor	r25, r25
    1814:	b7 51       	subi	r27, 0x17	; 23
    1816:	b0 f0       	brcs	.+44     	; 0x1844 <.L4^B1>
    1818:	e1 f0       	breq	.+56     	; 0x1852 <.L_sign>

0000181a <.L1^B1>:
    181a:	66 0f       	add	r22, r22
    181c:	77 1f       	adc	r23, r23
    181e:	88 1f       	adc	r24, r24
    1820:	99 1f       	adc	r25, r25
    1822:	1a f0       	brmi	.+6      	; 0x182a <.L2^B1>
    1824:	ba 95       	dec	r27
    1826:	c9 f7       	brne	.-14     	; 0x181a <.L1^B1>
    1828:	14 c0       	rjmp	.+40     	; 0x1852 <.L_sign>

0000182a <.L2^B1>:
    182a:	b1 30       	cpi	r27, 0x01	; 1
    182c:	91 f0       	breq	.+36     	; 0x1852 <.L_sign>

0000182e <.L_err>:
    182e:	0e 94 b9 0c 	call	0x1972	; 0x1972 <__fp_zero>
    1832:	b1 e0       	ldi	r27, 0x01	; 1
    1834:	08 95       	ret

00001836 <.L_zr>:
    1836:	0c 94 b9 0c 	jmp	0x1972	; 0x1972 <__fp_zero>

0000183a <.L3^B1>:
    183a:	67 2f       	mov	r22, r23
    183c:	78 2f       	mov	r23, r24
    183e:	88 27       	eor	r24, r24
    1840:	b8 5f       	subi	r27, 0xF8	; 248
    1842:	39 f0       	breq	.+14     	; 0x1852 <.L_sign>

00001844 <.L4^B1>:
    1844:	b9 3f       	cpi	r27, 0xF9	; 249
    1846:	cc f3       	brlt	.-14     	; 0x183a <.L3^B1>

00001848 <.L5^B1>:
    1848:	86 95       	lsr	r24
    184a:	77 95       	ror	r23
    184c:	67 95       	ror	r22
    184e:	b3 95       	inc	r27
    1850:	d9 f7       	brne	.-10     	; 0x1848 <.L5^B1>

00001852 <.L_sign>:
    1852:	3e f4       	brtc	.+14     	; 0x1862 <.L6^B1>
    1854:	90 95       	com	r25
    1856:	80 95       	com	r24
    1858:	70 95       	com	r23
    185a:	61 95       	neg	r22
    185c:	7f 4f       	sbci	r23, 0xFF	; 255
    185e:	8f 4f       	sbci	r24, 0xFF	; 255
    1860:	9f 4f       	sbci	r25, 0xFF	; 255

00001862 <.L6^B1>:
    1862:	08 95       	ret

00001864 <__floatunsisf>:
    1864:	e8 94       	clt
    1866:	09 c0       	rjmp	.+18     	; 0x187a <.L1^B1>

00001868 <__floatsisf>:
    1868:	97 fb       	bst	r25, 7
    186a:	3e f4       	brtc	.+14     	; 0x187a <.L1^B1>
    186c:	90 95       	com	r25
    186e:	80 95       	com	r24
    1870:	70 95       	com	r23
    1872:	61 95       	neg	r22
    1874:	7f 4f       	sbci	r23, 0xFF	; 255
    1876:	8f 4f       	sbci	r24, 0xFF	; 255
    1878:	9f 4f       	sbci	r25, 0xFF	; 255

0000187a <.L1^B1>:
    187a:	99 23       	and	r25, r25
    187c:	a9 f0       	breq	.+42     	; 0x18a8 <.L4^B1>
    187e:	f9 2f       	mov	r31, r25
    1880:	96 e9       	ldi	r25, 0x96	; 150
    1882:	bb 27       	eor	r27, r27

00001884 <.L2^B1>:
    1884:	93 95       	inc	r25
    1886:	f6 95       	lsr	r31
    1888:	87 95       	ror	r24
    188a:	77 95       	ror	r23
    188c:	67 95       	ror	r22
    188e:	b7 95       	ror	r27
    1890:	f1 11       	cpse	r31, r1
    1892:	f8 cf       	rjmp	.-16     	; 0x1884 <.L2^B1>
    1894:	fa f4       	brpl	.+62     	; 0x18d4 <.L_pack>
    1896:	bb 0f       	add	r27, r27
    1898:	11 f4       	brne	.+4      	; 0x189e <.L3^B1>
    189a:	60 ff       	sbrs	r22, 0
    189c:	1b c0       	rjmp	.+54     	; 0x18d4 <.L_pack>

0000189e <.L3^B1>:
    189e:	6f 5f       	subi	r22, 0xFF	; 255
    18a0:	7f 4f       	sbci	r23, 0xFF	; 255
    18a2:	8f 4f       	sbci	r24, 0xFF	; 255
    18a4:	9f 4f       	sbci	r25, 0xFF	; 255
    18a6:	16 c0       	rjmp	.+44     	; 0x18d4 <.L_pack>

000018a8 <.L4^B1>:
    18a8:	88 23       	and	r24, r24
    18aa:	11 f0       	breq	.+4      	; 0x18b0 <.L5^B1>
    18ac:	96 e9       	ldi	r25, 0x96	; 150
    18ae:	11 c0       	rjmp	.+34     	; 0x18d2 <.L8^B1>

000018b0 <.L5^B1>:
    18b0:	77 23       	and	r23, r23
    18b2:	21 f0       	breq	.+8      	; 0x18bc <.L6^B1>
    18b4:	9e e8       	ldi	r25, 0x8E	; 142
    18b6:	87 2f       	mov	r24, r23
    18b8:	76 2f       	mov	r23, r22
    18ba:	05 c0       	rjmp	.+10     	; 0x18c6 <.L7^B1>

000018bc <.L6^B1>:
    18bc:	66 23       	and	r22, r22
    18be:	71 f0       	breq	.+28     	; 0x18dc <.L9^B1>
    18c0:	96 e8       	ldi	r25, 0x86	; 134
    18c2:	86 2f       	mov	r24, r22
    18c4:	70 e0       	ldi	r23, 0x00	; 0

000018c6 <.L7^B1>:
    18c6:	60 e0       	ldi	r22, 0x00	; 0
    18c8:	2a f0       	brmi	.+10     	; 0x18d4 <.L_pack>

000018ca <.L10^B1>:
    18ca:	9a 95       	dec	r25
    18cc:	66 0f       	add	r22, r22
    18ce:	77 1f       	adc	r23, r23
    18d0:	88 1f       	adc	r24, r24

000018d2 <.L8^B1>:
    18d2:	da f7       	brpl	.-10     	; 0x18ca <.L10^B1>

000018d4 <.L_pack>:
    18d4:	88 0f       	add	r24, r24
    18d6:	96 95       	lsr	r25
    18d8:	87 95       	ror	r24
    18da:	97 f9       	bld	r25, 7

000018dc <.L9^B1>:
    18dc:	08 95       	ret

000018de <__fp_inf>:
    18de:	97 f9       	bld	r25, 7
    18e0:	9f 67       	ori	r25, 0x7F	; 127
    18e2:	80 e8       	ldi	r24, 0x80	; 128
    18e4:	70 e0       	ldi	r23, 0x00	; 0
    18e6:	60 e0       	ldi	r22, 0x00	; 0
    18e8:	08 95       	ret

000018ea <__fp_nan>:
    18ea:	9f ef       	ldi	r25, 0xFF	; 255
    18ec:	80 ec       	ldi	r24, 0xC0	; 192
    18ee:	08 95       	ret

000018f0 <__fp_pscA>:
    18f0:	00 24       	eor	r0, r0
    18f2:	0a 94       	dec	r0
    18f4:	16 16       	cp	r1, r22
    18f6:	17 06       	cpc	r1, r23
    18f8:	18 06       	cpc	r1, r24
    18fa:	09 06       	cpc	r0, r25
    18fc:	08 95       	ret

000018fe <__fp_pscB>:
    18fe:	00 24       	eor	r0, r0
    1900:	0a 94       	dec	r0
    1902:	12 16       	cp	r1, r18
    1904:	13 06       	cpc	r1, r19
    1906:	14 06       	cpc	r1, r20
    1908:	05 06       	cpc	r0, r21
    190a:	08 95       	ret

0000190c <__fp_round>:
    190c:	09 2e       	mov	r0, r25
    190e:	03 94       	inc	r0
    1910:	00 0c       	add	r0, r0
    1912:	11 f4       	brne	.+4      	; 0x1918 <.L1^B1>
    1914:	88 23       	and	r24, r24
    1916:	52 f0       	brmi	.+20     	; 0x192c <.L3^B1>

00001918 <.L1^B1>:
    1918:	bb 0f       	add	r27, r27
    191a:	40 f4       	brcc	.+16     	; 0x192c <.L3^B1>
    191c:	bf 2b       	or	r27, r31
    191e:	11 f4       	brne	.+4      	; 0x1924 <.L2^B1>
    1920:	60 ff       	sbrs	r22, 0
    1922:	04 c0       	rjmp	.+8      	; 0x192c <.L3^B1>

00001924 <.L2^B1>:
    1924:	6f 5f       	subi	r22, 0xFF	; 255
    1926:	7f 4f       	sbci	r23, 0xFF	; 255
    1928:	8f 4f       	sbci	r24, 0xFF	; 255
    192a:	9f 4f       	sbci	r25, 0xFF	; 255

0000192c <.L3^B1>:
    192c:	08 95       	ret

0000192e <__fp_split3>:
    192e:	57 fd       	sbrc	r21, 7
    1930:	90 58       	subi	r25, 0x80	; 128
    1932:	44 0f       	add	r20, r20
    1934:	55 1f       	adc	r21, r21
    1936:	59 f0       	breq	.+22     	; 0x194e <.L4^B1>
    1938:	5f 3f       	cpi	r21, 0xFF	; 255
    193a:	71 f0       	breq	.+28     	; 0x1958 <.L5^B1>

0000193c <.L1^B1>:
    193c:	47 95       	ror	r20

0000193e <__fp_splitA>:
    193e:	88 0f       	add	r24, r24
    1940:	97 fb       	bst	r25, 7
    1942:	99 1f       	adc	r25, r25
    1944:	61 f0       	breq	.+24     	; 0x195e <.L6^B1>
    1946:	9f 3f       	cpi	r25, 0xFF	; 255
    1948:	79 f0       	breq	.+30     	; 0x1968 <.L7^B1>

0000194a <.L3^B1>:
    194a:	87 95       	ror	r24
    194c:	08 95       	ret

0000194e <.L4^B1>:
    194e:	12 16       	cp	r1, r18
    1950:	13 06       	cpc	r1, r19
    1952:	14 06       	cpc	r1, r20
    1954:	55 1f       	adc	r21, r21
    1956:	f2 cf       	rjmp	.-28     	; 0x193c <.L1^B1>

00001958 <.L5^B1>:
    1958:	46 95       	lsr	r20
    195a:	f1 df       	rcall	.-30     	; 0x193e <__fp_splitA>
    195c:	08 c0       	rjmp	.+16     	; 0x196e <.L8^B1>

0000195e <.L6^B1>:
    195e:	16 16       	cp	r1, r22
    1960:	17 06       	cpc	r1, r23
    1962:	18 06       	cpc	r1, r24
    1964:	99 1f       	adc	r25, r25
    1966:	f1 cf       	rjmp	.-30     	; 0x194a <.L3^B1>

00001968 <.L7^B1>:
    1968:	86 95       	lsr	r24
    196a:	71 05       	cpc	r23, r1
    196c:	61 05       	cpc	r22, r1

0000196e <.L8^B1>:
    196e:	08 94       	sec
    1970:	08 95       	ret

00001972 <__fp_zero>:
    1972:	e8 94       	clt

00001974 <__fp_szero>:
    1974:	bb 27       	eor	r27, r27
    1976:	66 27       	eor	r22, r22
    1978:	77 27       	eor	r23, r23
    197a:	cb 01       	movw	r24, r22
    197c:	97 f9       	bld	r25, 7
    197e:	08 95       	ret

00001980 <_exit>:
    1980:	f8 94       	cli

00001982 <__stop_program>:
    1982:	ff cf       	rjmp	.-2      	; 0x1982 <__stop_program>
